unit,slot,name,scene1,scene2,scene3,scene4,scene5,scene6,scene7,scene8
am4,0,AM4 Gig Rig,Clean Double,Pushed AC,Jumped Plexi,IIC+ Hot Lead,,,,
am4,1,59 Bassguy,Crunch Bright,Cranked Bright,Jumped,Normal,,,,
am4,2,65 Bassguy,Normal Bright,Bass Channel,Slapback Spring,Dweezil's Modded,,,,
am4,3,5153,Green,Blue,Red,Blue 50W,,,,
am4,4,5153 Stealths,Green,Blue,Red,Red FX,,,,
am4,5,6160s,Block Crunch,+Crunch Bright,+Crunch Wide FX,+Lead,,,,
am4,6,A-Class 30,Brilliant,Cranked Brilliant,Hot '62,Dot 8th A-30,,,,
am4,7,AC-20,12AX7 Treble,12AX7 Bass,EF86 Treble,EF86 Bass,,,,
am4,8,Archaen,Clean,Lead,Lead Bright,Lead Cranked,,,,
am4,9,Atomica + CCV,Atomica Low,Atomica High,CCV1,CCV2,,,,
am4,10,Bass Brigade,USA Bass Clean,USA Bass Boost,Funk Waiomper,Porta Bass,,,,
am4,11,Bass NoAmp DI,Fingers DI,Pick Chorus,Blackglass Grind,Fuzz Fever,,,,
am4,12,Band Commander,Commander Clean,Commander Cranked,Driven,Face Fuzz,,,,
am4,13,Black Magick,Basic/ Try Drives ABCD,Big Plate,Slap + Plate,Cleaner Roomy,,,,
am4,14,Bludojai Buddy,Clean,Gritty,Rhythm+Lead,PAB Sustain!,,,,
am4,15,Bogfish,Brown,Strato,Phaser,Screamer,,,,
am4,16,Bonus Brits,Brit Silver,Plexi Studio 20,Plexi 2204,Brit Super,,,,
am4,17,Brit 800s,2203 High,#34,800 Mod,800 Studio 20,,,,
am4,18,Brit JVM,OD1 Green,OD1 Orange,OD2 Red,OD2 Red FX,,,,
am4,19,Brown Sounds,Eruption,Reverb,Brown by Burgs,PDL 1 = UFO Landing,,,,
am4,20,Buddah DuoMaster,Cleaned Up,Crunch,Hot,Boosted,,,,
am4,21,CA3+,L.A. Session Clean,L.A. Session Lead,Crunch Bright,Crunch Straight,,,,
am4,22,Captain Hook,1 EQ,1 Boost,2 Edge,3 Edge,,,,
am4,23,Carol Anns,Triptik Classic,Tripik Modern,Tucana Lead,OD-2,,,,
am4,24,Citrus City,Cleaner A30,Dirty A30,Tiny Terrier,RV50,,,,
am4,25,Cleanup Crew,Jazz 120,Direct Inject,Archaen Clean,Texas Shimmer,,,,
am4,26,Deluxe Tweed,Cleaned Up,Pushed,Jumped Hot,Supertweed Phase,,,,
am4,27,Deluxe Verb,Vibrato Ch.,Trem On,Normal More Verb,Tremolo-Lux,,,,
am4,28,Destructive Appetites,AFS Mode 1,AFS Mode 2,#34 Cranked,Jungle Echo,,,,
am4,29,Divided By,Clean CJ,OVD-1 CJB,FT37,FT37 Script 90,,,,
am4,30,Dizzy Herbie,Herbie Mk3,Herbie 2+ Mids,Herbie 2+ Scooped,Herbie 3,,,,
am4,31,Dizzy V4 Silver,2 Stringy,3 Broad,4 Scooped,4 Grindy,,,,
am4,32,Double Tweed 5F8,Bright,Jumped,Normal,ROCK!,,,,
am4,33,Double Verb,Vibrato Ch,Normal Ch,Comp Nobellium,Silverface,,,,
am4,34,Fox ODS,Bright,Normal,Mid Bright,Mid Bright Roto,,,,
am4,35,Friedman BE/HBE,BE V1 Fat,BE V2,HBE V1,HBE V3,,,,
am4,36,Hi-Gain Heavies,"U:ber, Shall We?",Angle Severe,Angle Energyball,Spawn Nitrous,,,,
am4,37,Hipower,Jumped,Brilliant,Cranked Brilliant,Normal,,,,
am4,38,Hot Kitty,Cooler,Hot,Hotter,Clean 15,,,,
am4,39,JM45,Clean,Crunch,Tight,Driven,,,,
am4,40,JMPre-1,OD1,OD2,OD2 FX,Clean 1,,,,
am4,41,JR Blues,Normal Cleaner,Normal Gainy,Fat,Fat Cranked,,,,
am4,42,JS410,Crunch Orange,Crunch Red,Lead Orange,Lead FX,,,,
am4,43,Legend 100,Rhythm Gain,SVFX A,SVFX B,BG Clean,,,,
am4,44,Matchboxes,Chiefman,Chiefman More,D-30,D-30 EF86,,,,
am4,45,Modern Monsters,Djentlemanly,Brootalz,Skull Crusher,Modern III,,,,
am4,46,Mr. Z Collection,MZ-38 Cleaner,MZ-38 Gainy,Highway 66,MZ-8,,,,
am4,47,Nuclear Tone,Cleaner,Gainy,Sweet Drip,Cranked Fuzz,,,,
am4,48,ODS-100,Clean,Ford 1,Ford PAB + Klone,Ford Mid-Boost,,,,
am4,49,Petrucci Rig AM4,The Miracle & the Clean Chorus,Crunch Me Under,In the Presence of Leads,Lead of Consciousness,,,,
am4,50,Plexi 50W,6550,#1 High,#2 High,1987x,,,,
am4,51,Plexi 100W,100W High,100W Jumped,100W 1970,1959SLP Jimmy P,,,,
am4,52,Princetones + 5F1,PT Tweed,PT AA964 Black,PT Reverb,EC Tweed Champlifier,,,,
am4,53,Recto 1,Orange Normal,Orange Modern,Red,Horizon Hammer,,,,
am4,54,Recto 2,Orange Normal,Red Vintage,Orange Modern,Red Modern,,,,
am4,55,Revv Gen,Green 3,Purple 1,Purple 3,Red 2,,,,
am4,56,RockM@ Clean,Remaster,Warm Clip,Alt FX,Vintage,,,,
am4,57,Shirley Smallbox,Shirley Crunch,Shirley Lead,Small Box Crunch,Small Box Lead,,,,
am4,58,Solo 100 AB,Gritty Clean,Rhythm Mid Gain,Rhythm Hi Gain,Lead!,,,,
am4,59,Q-Rod Rig MF,Clean Double,Q-Rod OD1,Q-Rod OD2,Q-Rod OD2+,,,,
am4,60,Suhr Badgers,18 Cool,18 Hot,30 Cool,30 Hot,,,,
am4,61,Supers + Concert,Super Verb Vib Ch,Super Verb Normal Ch,Super 6G4,Concert 6G12,,,,
am4,62,SV Bass,Clean Warm,Gain Bright,Driven Bright,Bass Chorus,,,,
am4,63,Texas Star,Clean,BBAT>Clean,Stacked Drives,Lead Channel,,,,
am4,64,Triple Crest,USA Clean,Low Gain,High Gain,High Gain Tight,,,,
am4,65,Try Axes Pre,Clean FX,LD2 Green,LD2 Yellow,LD2 Red,,,,
am4,66,USA Mk IV,Rhythm 1 Clean,Rhythm 2 Fat,Lead Fat,Lead Mid,,,,
am4,67,USA Mk V,Green Clean,Red XT,Red MKIV,Red IIC+,,,,
am4,68,Vibrato Lux + King,V-Lux Trem Off,V-Lux Trem On,V-King Normal,V-King Fat,,,,
am4,69,Vibrato Verb SRV,Straight Up,Screamer,Cold Shot,EV12,,,,
am4,70,W-Rocket +Liverpool,Rocket,More Rocket,Liverpool,LP Bright 500,,,,
am4,71,Wrecker Express,Bright Off,Bright 100,Bright 500,FAS Wreck,,,,
am4,72,Brett's Gig Rig EV12,CLEAN,CRUNCH,ROCK,SOLO,,,,
am4,73,Brett's Gig Rig V30,CLEAN,CRUNCH,ROCK,SOLO,,,,
am4,74,EJ Clean CC,Studio,ACL,No Time,Cloud Verb,,,,
am4,75,EJ Lead ACL CC,ODS,Plexi,---,---,,,,
am4,76,Jimi Stratosphere! AB,Cleaner,Fuzzed Up,Octa-fun,Vibin' Lead,,,,
am4,77,Deva Sky M@,Mystic Magnetics /P1,Aura Echoes,Empyrean Veil,Triptych Spring,,,,
am4,78,Bad Wolf Rising LM,What's in the Box?,Drifting,Plexi Crunch,Plexi Lead,,,,
am4,79,My 80's LM,Chorusness,Bleecker Street Wobble,Plexi Crunch,plexi Lead,,,,
am4,80,Leon's Live AM4,Chunk,Lead,Rhythmic,Plastic,,,,
am4,81,Leon's Djenty 5153,Blue,Red,FAS,Green,,,,
am4,82,Pitch Follow Magic LT,Play Higher = More Wet,Magic Wah,Pan Delay,Cloud Verb,,,,
am4,83,Tape Loops LT,Glitch Delays,Shimverb,Autoswells,Outers,,,,
am4,84,More Gary FSM,Clean,Blues Lead,Still Blues,Loner,,,,
am4,85,Yngwie! FSM,More Is More,Yngwie Voodoo,Yngwie plays Jimi,Yngwie Dotted 8ths,,,,
am4,86,Call from Mr. Floyd CC ES,Comfy Lead,Bricked,Time Lead,Breathe in the Air,,,,
am4,87,MF Euro,Clean,Blue Channel,Red Channel,Red +,,,,
am4,88,,,,,,,,,
am4,89,,,,,,,,,
am4,90,,,,,,,,,
am4,91,,,,,,,,,
am4,92,,,,,,,,,
am4,93,,,,,,,,,
am4,94,,,,,,,,,
am4,95,,,,,,,,,
am4,96,,,,,,,,,
am4,97,,,,,,,,,
am4,98,,,,,,,,,
am4,99,,,,,,,,,
am4,100,,,,,,,,,
am4,101,,,,,,,,,
am4,102,,,,,,,,,
am4,103,,,,,,,,,
axefx3,0,59 Bassguy,Crunch Bright,Cranked Bright,Jumped,Lead FX,Rotary,Dry Bright,Dry Normal,Dry Jumped
axefx3,1,65 Bassguy,Normal,Bass,Normal FX,Bass FX,Normal Drive,Bass Drive,Normal Dry,Bass Dry
axefx3,2,Vibrato Lux,Trem Off,Trem On,Drive + FX,Rotary Pedal,Comp Pre,Comp Post,Drive > Comp,Dry
axefx3,3,Deluxe Verb,Normal,Vibrato (Trem Off),Vibrato (Trem On),Full OD,Fuzz,Comp'd Dry,Roto Verb,Dry
axefx3,4,Double Verb,Silverface,Normal,Vibrato Ch. (Trem Off),Vibrato Ch. (Trem On),Comp Chorus,Slow Trem Big Spring,Timothy Drive,Dry
axefx3,5,A-Class 15,Cleaner,Crunch,More Delay,Boosted,Phase Trem,Roto,Comp Chorus,Dry
axefx3,6,Class-A 30,Brilliant,Cranked Brilliant,HOT,Old Top Boost,Delay Pre,SDD Pre,Roto,Dry Brilliant
axefx3,7,Prince Tone,5F2,AA964,Reverb,Verb Trem,5F2+Drive,Colortone,Vibe FX,5F2 Dry
axefx3,8,Plexi 50W,6550,High 1,High 2,1987x,6550 Dry,High Dry 1,High Dry 2,1987x Dry
axefx3,9,Plexi 100W,High,Jump,1970,1959SLP Treble,High Dry,Jump Dry,1970 Dry,1959SLP Dry
axefx3,10,Brit 800s,2203 High,2204 High,Mod,Leon's #34,Studio 20 Cool,Studio 20 Hot,2203 Low Clean,2204 Low Clean
axefx3,11,Hipower,Normal,Brilliant,Cranked Brilliant,Boost +FX,Boosted + Cranked,Phase+Delay,"Normal, Dry","Dry, Fat Cab"
axefx3,12,USA Mk IV,Clean,Rhythm Fat,Lead Bright,Mid Gain,Clean Comp Chorus,Rhythm FX,Drive Lead Brt,Lead Mid FX
axefx3,13,USA IIC+,IIC+ (cab A),IIC+ (cab B),IIC+DP (cab A),IIC+DP (cab B),IIC++ (cab A),IIC++ (cab B),IIC++ (cab C),IIC++ (cab D)
axefx3,14,Recto 1,Orange Normal,Orange Modern,Red,Orange Scoop,Orange Normal Lead,Orange Modern Lead,Red Lead,Dry Orange Dark
axefx3,15,Recto 2,Orange Vintage,Red Vintage,Orange Modern,Red Modern,Driven Orange,Driven Red,Driven Orange,Red lead
axefx3,16,Euro,Blue,Blue Modern,Red,Red Modern,Red Lead,Blue Mod Dry,Red Mod Dry,(CS#1 = Input Boost)
axefx3,17,AC-20 Deluxe,12AX7 Treble,12AX7 Bass,EF86 Treble,EF86 Bass,Delay>Amp,Amp>Delay,Shimmer,EF86 Treble Dry Comp
axefx3,18,Shiver,Clean,Clean Bright FX,Straight Lead,Drive Bright Lead,Clean Chorus,Lead MTD,Clean Dry,Lead Brt Dry
axefx3,19,Vibrato-King,Normal,Normal Trem,Fat,Trem Fat,Fat Boost,Roto Verb,Dry,Fat Dry
axefx3,20,Euro Uber,Dry Scoop,Room Balanced,Boosted,Micro Shift,Enhancer,Flanged,,
axefx3,21,Solo 100,Clean Comp,Crunch,Lead,Clean FX,Lead FX,Clean Dry,Crunch Dry,Lead Dry
axefx3,22,Super Verb,Normal Brt,Vibrato (No Trem),Vibrato (Trem),Vib Ch Gained up,Boost-Comp Crunch,Normal Dry,Vibe Ch. Dry,Gained Dry
axefx3,23,Friedman BE-100,BE V3,BE V2,BE V1,BE V1 Fat,BE 2010,BE C45,,"Cab A V30, Cab B GB"
axefx3,24,Friedman HBE-100,HBE V3,HBE V2,HBE V1,HBE V1 Fat,HBE 2010,HBE C45,,"Cab A V30, Cab B GB"
axefx3,25,Champlifier,5F1 Tweed,5F1 EC Tweed,Verb,Trem,Slow Phase,ACB,,
axefx3,26,Tremolo Lux,Trem Off,Trem On,Gained Up,Gained Roto,Comp Crunch,Dry Big,Dry Bright,
axefx3,27,5153 +Stealth,Clean Green 100,Blue,Red,Blue 50W,Stealth Green Crunch,Stealth Blue,Stealth Red,Red Lead FX
axefx3,28,Concert 6G12,1x12,Jam Ray,BB Pre,Sunrise Drive,Tri Fuzz,2x10,2x12,"Try All Blocks, All Channels"
axefx3,29,Mr. Z 38,Gain 2.5,Gain 4,Gain 8,Comp Clean,Comp Crunch,Drive Lead,Dry Clean,Dry Crunch
axefx3,30,Wreckers,Rocket,More Rocket,Liverpool,Liverpool Bright,Liverpool Lead,Flange Lead,Rocket Dry Comp,Liverpool Dry Comp
axefx3,31,Angle Severe,Channel 1,Channel 2,"Ch 1, CC Boost",Rhythm FX,Flange Lead,Ch 1 Dry,Ch 2 Dry,[By Fremen]
axefx3,32,Spawn Q-Rod OD-1,OD1-1,OD1-2,OD1-3,1 Dry,2 Dry,3 Dry,,
axefx3,33,CA3+,Clean FX,Rhythm Bright,L.A. Lead FX,Clean Comp,Rhythm Dry,Rhythm Fat Dry,Lead Dry,Crunch->Clean
axefx3,34,FAS Lead 1+2,Classic Ld 1,FX Ld 1,Octave Ld 1,Phase Ld 1,Classic Ld 2,FX Ld 2,Octave Ld 2,Phase Ld 2
axefx3,35,Tucana,Clean Comp,Lead,Clean FX,Boost Lead FX,Clean Dry,,,
axefx3,36,FAS Modern,Darker,Brighter,Precision,Dimension FX,Dry Bright,,,
axefx3,37,Das Metall,Das Metall,Grinder Boost,Farfegnugen 2,Thumpcrusher (MBC),Crusher+Gate,,,
axefx3,38,ODS-100,Clean,Ford 1,Ford PAB,Ford Mid-Boost,Tasty Pre +Room,King OD,Chorus Slap,PAB Dry
axefx3,39,The Brown Sound,by Burgs (Ext 1 = Tape Drop),Atomica,50W 6CA7,100W Jumped,1959 Treble,SC20H (Studio 20W JCM800),50W High1,100W High
axefx3,40,Buddah Duomaster,Cleaner,Crunch,Clean FX,Lead FX,Dry,,,
axefx3,41,Matchbox Chiefman,1,2,Pedals Out Front,Post FX,Dark Amp Drive,Dark Amp Overdrive,Clean Comp Verb,1 Dry
axefx3,42,Supertweed,Pulled,Pushed,More,Superfuzz!,Ring Octave,Deep Slow Phase,Enhancer,Dry Pushed
axefx3,43,Brit JVM OD1+2,Green 1,Orange 1,Red 1,Cranked Red 1 FX,Green 2,Orange 2,Red 2,Orng2 Post FX
axefx3,44,Div 13 CJ,Pure Clean Comp,Edgy,Boosted,Light Klone,Hot Amp,Heavy Drive,Rotochorus,Beauty FX
axefx3,45,Blanknship Leeds,Dry,Light FX,Middy Fuzz,Parked Flange Fuzz,Ring Octave Fuzz,Exotica Grind,Slow Roto,Dry
axefx3,46,Supremo Trem,1x12 Crunch,1x12 Crunch Trem,1x12 Cleaner,Clean 1x15,Crunch 1x15,Fuzz 1x15,Phase Trem 1x12,Dry 1x12 Crunch
axefx3,47,Citrus RV50,Crunch,Driven,More Gain,Cranked,Sonic Drive,Lead FX,Dry Drive,Dry More Gain
axefx3,48,Carol Ann OD-2,Classic,Slap+Verb,Sweet Singing,Slow Vibe,Foxy Flange,Vibery Chorus,Rotary Pedal (Ext 1),Dry
axefx3,49,JM45,Cleaner,Crunch,Hot,Jumped,Bender Fuzz,Lead FX,Jimi-esque,Wooly Fuzz
axefx3,50,Hot Kitty,Hot,Hotter,Pedal Drive,PolyOctaLead,L.A. Rhythm,Nice Middy Solo,Dry Rhythm,Dry Comp Clean
axefx3,51,Two-Stone J35,1 J35 PAB,2 J35,Short Slap + Verb,Boost Lead,Touch Wah,Rotary Pedal (Ext 1),1 Dry,2 Dry
axefx3,52,Spawn Nitrous,Ch 1,Ch 2,Dry 1,Dry 2,OD Gate 1,OD Gate 2,Wide FX,Wet FX
axefx3,53,Brit Silver,Gain 5,Gain 7.5,G5 Hi Master,G7.5 Hi Master,Loud Lead,5th Lead,Mu Tube Post Comp,G5 Hi Dry
axefx3,54,Herbie,2-,2+ Mids,2+ Scooped,3,2+ FX,3 Modern Comp,Lead FX,2+ Old Cab
axefx3,55,Dweezil's Bassguy,Less,More,Dark,Comp Fuzz 1,Comp Fuzz 2,Vibe FX,Fuzz Dynaflanj,Dry
axefx3,56,Ma the Meatloaf...,Original Recipe,Dark Gravy,Microshifts,Dark Gate,Lead FX,Bigger Bottom,Loose Low,ML Cab
axefx3,57,5F8 Tweed,Clean Bright Comp,Breakup Bright,Crunch Normal,Jumped,Drive Normal,Plump Chicken,Bright FX,Breakup Dry
axefx3,58,Atomica,Channel 1,Channel 2,Ch 2 Boost,Ch 2 Lead,Clean FX,Ch 1 FX,Ch 1 Dry,Ch 2 Dry
axefx3,59,Deluxe Tweed,Cleaned Up,Bright Gain,Dark Rhythm,Jumped,OD Lead FX,Fuzz Lead FX,Dry Cln Comp,Bright Dry
axefx3,60,Dirty Shirley,1,2,Hot Lead,1 Dry,2 Dry,OD Dry,,
axefx3,61,Fox ODS,Normal,Bright,Mid,Mid Bright,Tone of Kings,Vibey Delay,Normal Dry,Mid Dry
axefx3,62,Nuclear Tone,Cleaner,Trem Verb,Gainy,Color Drive,No Trem,Atom Plex,Dry,Dry Gainy
axefx3,63,6160s,Block Crunch,Plus Crunch,Crunch Bright,Plus Lead,Processed,Sidechain Gate,Lead FX,Brite Tite Wide
axefx3,64,Archean,Clean,Lead,Lead Bright,Lead FX,Clean Brt FX,Clean Dry,Lead (cab D),Lead Brt (cab D)
axefx3,65,Spawn Q-Rod OD-2,OD2-1,OD2-2,OD2-3,1 Dry,2 Dry,3 Dry,Tight Gate,Stereo Lead
axefx3,66,Wrecked Express,Cleaner,Normal,Bright,Lead FX,Mod Flange Lead,Dry,Dry Bright,Dry Legacy
axefx3,67,Brit Pre,OD1,OD1 Bass Shift,OD2,OD2 Bass Shift,OD2 Lead FX,Clean 1,Clean 1 FX,Clean 1 Bass Shift
axefx3,68,Badger 18,Cleaner,Cool Crunch,Hot Crunch,Drive Lead,Comp Slap,Crunch Slap,Cool Dry,Hot Dry
axefx3,69,Brit AFS100,Mode 1,Mode 2,#34,Greasy Mode 1,Thick Mode 2,Scary #34,Slashed Jube,Chewy Slashed Jube
axefx3,70,Dizzy VH4,Channel 2,Channel 3,Channel 4,Grindy Ch4,9999 Days,Sweet Lead,BFG Fuzz,"Big Amp, Small Cab"
axefx3,71,Bassman About 2 Explode,Any Sec...,KRA-KA-THOOM!,Super Fuzz,Fuzz on Fire,Literally Call 911,,Legacy Cab,Dry
axefx3,72,Band Commander,Hall,Room,Comp Slap Room,Trem,Big OD,Dry,Dry Darker,Dry Boost
axefx3,73,ODS-100 HRM,Classic,Hot Touch,Phat,Rotary,OD Boost,OD Boost Mid,Clean 1,Clean 2
axefx3,74,Vibrato Verb,AA,AB,Custom,AA Trem,AB Trem,Custom Trem,Damage Nexus,AB Dry
axefx3,75,Texas Star,Clean,Lush Clean FX,Blue Delay,BBAT > Clean,King Tone,Solo OD > Clean,Lead Channel,Lead FX
axefx3,76,Jumped Plexi,4:4,5:3,6:6,8:6,Screamer,Detune,MBC Tamer,Dry 5:3
axefx3,77,Studio Leads,2025,'25 FX,'25 FX+CMP,2022,'22 FX,'22 FX+CMP,25 Dry,22 Dry
axefx3,78,Dee Cee 30,Clean,Crunch,Drive,PF FX Crunch,Harmono Stereo,SDD Pre,Roto,Driven Dry
axefx3,79,Whole Lotta,TM Version,Classic,Delay,Fuzz Face,Ten Years Cleaner,Jimmy Phaser,Ring Octave,Dry
axefx3,80,Fuzz Tweed,PI,Face,Super,Revolution,Hard,Russian,Maestro,Face 4K+Bender
axefx3,81,Hell's Glockenspiels,Verb,Drive Pedal,Dry,,,,,
axefx3,82,Petrucci Rig 2025,Crunch Me Under,Our New Chorus,The Miracle & the Clean Chorus,Learning to Lead,Leads in the Sand,In the Presence of Leads,Count of Flanger,Crunch Me As I Am
axefx3,83,Solo 88,Clean Comp,Rhythm,Lead,Chainsaw,Clean FX,Clean Dry,Rhythm Dry,Lead Dry
axefx3,84,Comet Concourse,4x12 TV,4x12 Rumble 12L,2x12 Lead,1x12 G12T,Rumble Fire,TV Dry Punch,Rumble Dry Punch,Driven 1x12 Dry Punch
axefx3,85,Try Axes 28,Clean FX,LD2 Green,LD2 Yellow,LD2 Red,LD2 Red Lead FX,LD2 Green Cali,LD2 Yellow Cali,LD2 Red Cali
axefx3,86,Cameron CCV,1B,2A,2C,2D,Tight Wide,Phase Delay,Symphonic,2A Dry
axefx3,87,Capt Hook,1B,2A,2B,3B,3B Lead FX,1B Dry,2B Dry,3B Dry
axefx3,88,JS410,Crunch Orange,Crunch Red,Lead Orange,Lead Red (Alien Surfing),Golden Whammy Lead (Ext 1),Flange Hollow Lead,Crunch Dry,Lead Dry
axefx3,89,Corncob,Dialed Down,Drives on Five,Hotter,Power Amp Push,5/5 Lead,Drives 5 + Drive!,5/5 Dry,5/5 Legacy Cab
axefx3,90,Bludojai,Clean 1x12,Lead 1x12,PAB Lead 1x12,FET PAB 1x12,Clean 2x12,Lead 2x12,PAB Lead 2x12,FET Lead 2x12
axefx3,91,JM45 Blues,Warm Amp,Warm Trem,Driven Warm,Boosted Drive,Hot Amp,Driven Hot,Warm Dry,Hot Dry
axefx3,92,JR Blues,Normal Cleaner,Normal Gainy,Fat,Fat Cranked,Klone Fat,Slight Boost +Pedals,LED Drive Lead,Comp Dry
axefx3,93,Triptik,Clean,Classic,Modern,Modern Scoop,Fat Lead FX,Clean FX,Klon Trem,Classic Dry
axefx3,94,FAS Originals,FAS Hot Rod (TV),FAS Rhythm (TV),FAS Express (TV),FAS Wreck (TV),FAS Rhythm (2x12),FAS Express (1x12),FAS Wreck (2x10),Hot Rod Dry
axefx3,95,EJ Clean,Classic,Wetter,Breakup ACL FX,Comp Boost,Delay Hold ACL (Ctrl Sw 1),,,(Scenes 2-5 Cooper Carter)
axefx3,96,Who's Next?,Classic,Baba 1 (Make a Loop),Baba 2 (Auto Trills),Baba 3 (HJ Cab),Who Are You (Arp),Who Are 2 (Pre Direct),Classic Dry,HJ Cab Dry
axefx3,97,Thick and Chunky,Rhythm,Screamer,Drive Detune,Lead,Dry,,,
axefx3,98,Jazz 120,Normal Split,Bright Split,Normal Vibe Split,No Chorus,Bright Split Wider,3x Mod FX,Dual Chorus,80s Pop FX
axefx3,99,Studio Cleans,Detuners,Tri Chorus,Quad Chorus,Wall Delay,Plex,Aerosol,Plastic,Comp Dry
axefx3,100,Solo 99,Clean,Lead,Bright,LA Clean LT,Grease,Thick Lead,Clean Dry,Lead Dry
axefx3,101,Triple Crest,Clean,Low Gain,High Gain,High Gain Tight,Lead FX,Chorus Tight,Low Gain Comp Dry,High & Dry
axefx3,102,Djentlemanly,Classic,Bulb's Judgement,BJ FX,FAS 6160,Raw Amp,,,
axefx3,103,Leon's Djent Bass 28,Gargantuan (Active),Godzilla (Active),Pestilence (Active),Event Horizon (Active),Gargantuan (Passive),Godzilla (Passive),Pestilence (Passive),Event Horizon (Passive)
axefx3,104,Citrus A30,Clean Ch,Dirty Ch,Dirt More,Shred FX,Dot 8th>Amp,Dry Clean Comp,Dry Dirt,Dry Dirt More
axefx3,105,Ruby Rocket,Cleaner,Normal,Bright,Hot Chime,Crunch Chorus,Hot Blues,Rotary Grind,Normal Dry
axefx3,106,Machine Gun,Polite,Filmore,Fuzz Vibe,Octa Vibe,Just Wah,Dry,Polite Dry,(Ext 2 = Backwards)
axefx3,107,Bogfish,Brown,Strato,Scooped,Multidelay,Brown Dry,Strato Dry,,
axefx3,108,Limelight M@,Tight Gate Intro,Riffage,Clean,Solo,Exit FX,,,
axefx3,109,Glass Leads,Original (GB),Mimicry (GB),Coliseum (GB),Dry (GB),Original (V30),Mimicry (V30),Coliseum (V30),Dry (V30)
axefx3,110,Revv Gen Purple,Rhythm 1,Rhythm 2,Crunch,Lead,,,,Preset by Fremen
axefx3,111,Get Your Kicks,Original,Zen Lead,Trem Pedal,Dry,Cleaner Comp,Cleaner Chorus,Cleaner Rototouch,Cleaner Dry
axefx3,112,Metro Blues,Cool,Warm,Hot,Clean FX,Comp Combo,DS Lead FX,DS1>Clean,Dry
axefx3,113,USA Mk V,Green Clean,Red XT,Red MKIV,Red IIC+,Green FX,XT FX,IV FX,IIC+ Dry Side Gate Wide
axefx3,114,Deluxe Tapes 28,Mono,Stereo,Stereo Squash,Phase 45,Post Trem,FET Pre,Roto Pedal,2 Amps Dry
axefx3,115,Destructive Appetites,Original #1,Original #34,A.F.D. Edo,Jungle Edo,U.Y.I. Edo,#1 Dry,#34 Dry,Scenes 3-5 by Edosounds
axefx3,116,So Many Roads,Classic,OD,Dry,,,,,
axefx3,117,Citrus Terrier,Tiny,Scooped,Micro,Dry Tiny,Dry Scooped,Dry Micro,,
axefx3,118,Jim & Leo 28,Straight,808 Left,FET right,808 / FET,Both Boosted,Comp + Drives A+C,Wide Chorus,Amps Turned Up
axefx3,119,Cork Sniffers,Ford PAB,Ford PAB Mid,HRM,HRM Mid,Ford PAB Dry,Ford PAB Mid Dry,HRM Dry,HRM Mid Dry
axefx3,120,Still Blue,Cranked 1959,1959 OD,Cranked 45,45 OD,Dry 1959,Dry 45,,
axefx3,121,MF Euro,Lead,Rhythm,Clean+,Lead 2,Rhythm+,Clean Space,Clean dry,Space
axefx3,122,Small Box,4x12 V30,4x12 Greenback,1x12 G12T-100,1x4 Pig,Boost Detune V30,V30 Dry,GB Dry,1x4 Pig Dry
axefx3,123,Message on the Moon,Castaways,De Do Do Delay,Collapsing Cloud,Volume Pedal (Ext 1),Life in my Hole,Vintage Roxy,More Muscule,Driven Solo
axefx3,124,Sultans,Classic,Compressed,Boost,No Time FX,,,,
axefx3,125,Money for Something,Intro,Main,Delay,Less Resonant,Dry,,,
axefx3,126,Plexis+ACs,Jumped & 30W TB,6CA7 & 15WTB,2204 & Citrus,100W & D-30,S1 +OD,S2 +OD,S3 +OD,S4 +OD
axefx3,127,Dual Rack Pres 28,Black and Gold,Black and Brit,Black and Brown,Silver and Gold,Silver and Black,Gold and Brown,Rack FX B,Rack FX B
axefx3,128,Galaxy Formation,Galactic,100% wet,100% + OD,31 Seconds,,,,
axefx3,129,Brett's AC-20,Clean,808,Chorus,Cranked (Treble Boost),Face Fuzz,EF86 Vibe,PanDLY,Rotary (Exp. Ped.1)
axefx3,130,Cliffs of Dover,Brighter,Darker,,,,,,
axefx3,131,Vibrato Pedals,Whatsacraft VB Fast,VB Slower,Chorovibe Fast,Chorovibe Slower,Stereo Post Fast,Stereo Post Med,Stereo Post Slow,Vibe on Vibe
axefx3,132,Eruption,Phaser,+Frown EQ,+Variac,+EQ +Variac,Drop to Eb,+Variac,Eb +Variac,Dry
axefx3,133,Mutro Funk,Clean Funk,FX Funk,Wet Crunch Funk,Dry Crunch Funk,Drive Octafunk,Mystery Funk,HPFunk,Ext 1 Funker
axefx3,134,Celestial Reverbs,Andromeda,Pegasus,Aquarius,Centaurus,Post Trem,Chorus Comp,SDD Celestial,Slow Flange
axefx3,135,Jet Flangers,Classic,Mono High Range,180* High Range,Giggle Stick,,,,
axefx3,136,TZF Flanger,Total Cancel,Default Zero,Zero Pedal (Ext 1),,,,,
axefx3,137,Diatonic Triads,C Major / A minor,G Major / E minor,D Major / B minor,A Major / F# minor,E Major / C# minor,F Major / D minor,Bb Major / G minor,Eb Major / C minor
axefx3,138,Black Holes,Cygnus,Drive,Phased (Ext = Rate),Time Warp (Ext 1),Mute In,Mute Out,,
axefx3,139,Dual Detune Delay,400ms xFB,Halo,Circular,Slaptune,1 + 2290 Chorus,2 + Ursa Major,3 + 2290 Chorus,
axefx3,140,Enumerating Ravens,Delay,Delay off,,,,,,
axefx3,141,Introspections,Classic,Whimsy,Denial,,,,,
axefx3,142,Flange the Echoes,Stereo Jet,Analog Stereo,Pop Flanger,BBF-2,,,,
axefx3,143,Meet the Cytherians,Classic,Reverse,Chorused,No Reverb,,,,(Try Harmonics!)
axefx3,144,Jeff Gets Ready,Clean,Driven,,,,,,
axefx3,145,Emerald Oceans,2025,Sunlight Underwater,Deeper,,,,,ADSR1 = Swells
axefx3,146,Plex Verb 8x2,Clean 1,Clean 2,Random Mod,Dirt 1,Dirt 2,Dirt 3,Rockguy,Preset by Leon Todd
axefx3,147,Crawling in the Dark,All FX,Flanger,Phaser,,,,,
axefx3,148,Andy's Woodshed Lead,Lead,TS9,Octave Dist,Phased,Flanged,Roto Speaker,Dry,Gainy Dry
axefx3,149,Simeon's Plexi 100w,Rhythm,Lead,Wet,,,,,
axefx3,150,Smokey Jazz,Reverb,Chorus,Dry,,,,,
axefx3,151,The Infield,Cleaner,Crunchier,Lead,,,,,
axefx3,152,Velvet Suns,Lite FX,Full FX,Solo Over,Mute FX In,,,,
axefx3,153,Lonely Heart,Classic Solo,Octaves,Downer,Big 5ths,Opening of a...,,,
axefx3,154,Bl@de Runner,1983,2049,The End,,,,,Single Notes. See Perform-PP
axefx3,155,Screaming Meanie,Ratty,5k Blocking EQ,4k High Block,,,,,
axefx3,156,Fremen's 5153 All-in-One,Rhythm,Crunch,Lead 1,Lead 2,Classic Cln,Classic cln + mod,80's clean,Acoustic sim
axefx3,157,Octoplex' Garden,Subtle,Bigger,Extreme,Roto-X (Ext 1= Rate),Filter Pedal (Ext 1),,,
axefx3,158,Dr Bonkers Rock Bass,Big,Dirt Layer,Dirtier,Mid Dirt,Motion,Flange,Drive Flange,All In
axefx3,159,Barracuda,Main,Lead,CS1 Outro Syncopation,,,,,(CS1=Harmony in B-Section)
axefx3,160,Dual Aceys,AB COMP,CLEAN LEAD,CB DOUBLE,DA DRIVE,DC LEAD,SPACE FX,BD PHUZZ,E-CHO-RUS
axefx3,161,Touch LFO Filter,Miami Vice,Synchrosine,1/8 Saw,1/8 Sine,1/16 Saw,1/16 Sine,Use Perf PP for Envelope...,All 4 CONTROLLER channels used!
axefx3,162,Poltergeist Pig,Classic,,,,,,,
axefx3,163,Organics,Clean,Dirty,2x the Pipes,Lon Chaney Lives,,,,
axefx3,164,Brian Might,La Boheme,Big Echoes,Harmony (Cmi),Big 5ths,Big Rhythm,Hot Rhythm,,
axefx3,165,Ric-O-Twelve,Mono,Stereo,Echo,Chorus,All FX,,,
axefx3,166,Albert's Lead,Treb Boost,Boost off,Dry,,,,,
axefx3,167,How Now is Soon?,Less,Slight Drive,Slight Chorus,Amp Only,Pulstation Only,,,(Short Silence Resets LFO)
axefx3,168,Crystal Echoes,No Chorus,Classic,Forward Crystals,Extra Verb,ALL Verb,Kill the Dry,,
axefx3,169,PolyOctaveGen Pedal,Gen 1,Gen 2,Gen 3,Gen 4,,,,
axefx3,170,Dual Amp Dual Delay,Avant Garde,Golden Matrix,Ring Matrix,Phase Flipping,,,,(Use MASTER FEEDBACK)
axefx3,171,U-Vibe and Rotary,All FX,Uni Only,Roto Only,,,,,
axefx3,172,EkkoPlek Juniors,Vintage Noise (/1=Tape Speed),Modern Clone,More Mod,Mythical 2-Headed Mono,Simple Stereo,Dual FB Stereo,Cloud Stereo,Cloud Plex
axefx3,173,Gated Verbs,Megatap Gate,Megatap Short,75 ms Stereo Verb,130 ms Stereo Verb,230 ms Stereo Verb,,,(Set Gate in Perf-PP)
axefx3,174,MultiComp Plexis,No Drive,TS808,Octavia,,,,,(Try Amp Channels)
axefx3,175,Bi-Amp Plexis,Bi-Amp,Hi Chorus,Bi-Drives,Bi Fuzz,Bi Fuzz Xtreme,,,
axefx3,176,Divided by Burgs,Clean CJ,ODR-1 CJB,Chorus CJ,Chorus Dirt CJB,Face Fuzz CJB,FT37 Vibe,Pan Delay CJ,Rotary CJB (Ext. 1)
axefx3,177,Satan's Hollow,Classic,No Phaser,No Guitar,No Arps,No Synth Bass/Chords,,,
axefx3,178,XF Esrever,YRD,Cissalc Regnalf,Egnalf GnoL,Resahp,Kcabpals,Brever,Esahp Egnalf Yaled,!Recnamorcen
axefx3,179,Vertigo!,100% Width,200% Width,300% Width,400% Width,,,,Ext1=Pan Rate
axefx3,180,Springs in Caves,Lost River,Carlsbad,Mammoth,Less Spring,No Cave,,,
axefx3,181,Dream Sequences,Zzzzz,Flashback,,,,,,
axefx3,182,DynamoFlanger,Drynamo,Dynamo,No Fuzz,Dy-no-mo,"Ny Dyn, No Fuzz",Magnum PI,,(Ext1 Wah)
axefx3,183,Stereo Tape Delays,Default,Crinkles,Corroding,Mono>Stereo,,,,
axefx3,184,Mystic Arps,Original Lazy Man,@2022,Magic! (Single Notes),Doubles,Parallel 5ths/8va,Mod Delay,Default Gmaj/Emi,Change Key in Perf-PP
axefx3,185,Frenetica,,,,,,,,
axefx3,186,Heavenly Echo,Echo-Pit-Verb,No Delay,All FX,Dry,,,,
axefx3,187,Trem on the Tail,Tri Trem,Trapezoid Trem,Square Trem,Harmo-Panner,,,,
axefx3,188,Funkdown,A3 Downer,+Slap,Fuzzer,Rotor,,,,
axefx3,189,Quad Diatonic,Stretch Triads,Open 7th Chords,Sus4 add 9,"Close 7ths, 8va up, +Bass",(Play Low Mutes for...,...Instant Pop Harmonies),(Default Key Cmaj/Ami...,...Change Key in Perf-PP)
axefx3,190,S/Hip Ahoy,Classic,Driven,+Delay 2,,,,,(Ext1=Wah)
axefx3,191,Rubber Biscuit,,,,,,,,
axefx3,192,FilteRING Funk,Freq 50%,Original,Freq 200%,Freq 400%,Pitch 5th,Chorus+Delay (Ext 1),Nasty Flute,Faux Bass No Filter
axefx3,193,I'm Nationwide,Dry,Chorus,Delay,,,,,
axefx3,194,Water Colors,Vibrant,Ripples,Droplets,Prismatic,Pure,,,
axefx3,195,Meditation Workshop,Begin,Breathe,,,,,,(Ext 1=Scenes Xfade to Synth)
axefx3,196,Crystal Scions,Classic,Flanged scions,Filtered (ext1),Flantered (ext1),Flant.+dry (ext1),,,
axefx3,197,Band Delay Grooves,Groove 1,Groove 2,Groove 3,Groove 4,AutoFilter 1,AutoFilter 2,AutoFilter 3,AutoFilter 4
axefx3,198,Rainbow Dash,Smooth,Crystals,Swirly,,,,,
axefx3,199,Thick Choruses,Tri-Chorus,Dimension,Dual Dual Chorus,8-Voice,MTD Quad,,,
axefx3,200,Adrenalflange,No Drive,Boost,Delay,Negative,,,,
axefx3,201,Tracking Ringmods,0.5x,0.99x,0.33x,0.25x,Drive down,Drive high,Drive .99x,Drive Ring B
axefx3,202,Starship Flanger,Mono Trooper,W.u.rm,,,,,,
axefx3,203,Undulations 28,Trapezoid,Square,Saw,Touch = Rate,Touch = Sweep,S/H Phaser,No Plex,No Trem
axefx3,204,Serenity Now!,Classic,Slow Descent,Slow Ascent,,,,,
axefx3,205,Haunting Echoes,Echoes,Boost,Reverb Stack,,,,,
axefx3,206,Rockabilly HotRod,Classic,Trem City,Go Cat Go!,,,,,
axefx3,207,Ambient Swirl,Full Swirl,Delay only,Autoswell,Megatap only,Plex only,,,
axefx3,208,Tumbleweeds,Classic,Plex Panner,No Chorus,,,,,
axefx3,209,Lunar Eclipses,Umbra,Syzygy,Halo,,,,,
axefx3,210,Detuned Wahs,Less FX,Full On,No Panning,,,,,
axefx3,211,No Quarter 28,Auto Wah,Driven,,,,,,
axefx3,212,Flanging Flankers,Both Flangers,Flanger 1 (Choral),Flanger 2 (Sweeping),,,,,
axefx3,213,Width Chorus,Slight Crunch,Less Crunch More Mod,Slow Wobble,Wobble Crunch,+Echo,,,
axefx3,214,Surf's Up,Trem + Verb,"Drv, Trm, Vrb",Verb Only,Trem Only,Dry,,,
axefx3,215,Flippin' Switch,(LFO1=Rate),,,,,,,
axefx3,216,High Landrons,4x12,2 4x12s,,,,,,
axefx3,217,Wandering Delays,Delay,Delay off,Detune off,,,,,
axefx3,218,Heavily Processed,Everything,Enhance+Comp,Detune,Chorus,Frown Pre-EQ,Nothing,,
axefx3,219,Boutique Battle,Both amps,L: ODS,R: Wrecker,+Klone Drive,,,,
axefx3,220,Frogtones Irie,Low Voice,Mid Voice,Hi Croaker,Bullfrog,Frogless Waiomp,,,Ext 1 = Dub Echo
axefx3,221,Nameless Streets,Studio,Live,Live +FET,,,,,Preset by EDOSOUNDS
axefx3,222,Fat Solo Lead 2,Lead,CC Boost,Comp,CC+Comp,,,,
axefx3,223,Rainy Nights IV,Rain,Rotary,Heavy,Heavy roto,All awash,Less rain,Cleaner,Dry No Trem
axefx3,224,Crunchy Even in Milk,UK and USA,L: UK,R: USA,L: Drive,R: Drive,Double Drive,Full Effects,No Effects
axefx3,225,Arpeggiator M@ness (B Min),Basic (Play Single Notes),Greased,Trempeggio,Trempg FX,Drive,Drive & FX,Drive Trem Delay,(Change Key in Perf-PP)
axefx3,226,Class-A 30+15,Naked,Dyn Distort,Boosts,Comp +Boosts,2290 Stereo,Stereo Viber,Post Comp,Dry
axefx3,227,Bond... James Bond,Dr. No,Skyfall,,,,,,
axefx3,228,Synth Lineup,Zamfir,Taurus,Prog Duo,High Sine,III-0-III (Ext1=Wow),303+Synth,Birdland,Saw Ya
axefx3,229,Plexi Studio 20,Jumped,Treble,Normal,FX,Sonic Lead,Jumped> Comp,Normal> Comp,Normal Mid Boost
axefx3,230,Bostonian,Smokin',Flanged Section,Single Track,Lead Delay,,,,
axefx3,231,Choral Canyons,Less,More,Deeper,Driven,,,,
axefx3,232,Touch Phase IV,Waouw Waouw,Talky,Double Mod,Rate Mod,,,,
axefx3,233,8-Plex Gold,Golden Delay,Golden Detune,Golden Shimmer,Gold Harps,Chorused Delay,Zen Lead Detune,Swell Shimmer,Echo Harps
axefx3,234,Disco Cleans,Mor Phase,Pedal Phase (Ext 1),+Delay,SPX Effect,Wah Baby,Bone Dry,Choruphase,Wah Delay
axefx3,235,Pitchmod Pulse,No Echo,Sync Echo,Flanged Echoes,Doubletime,,,,
axefx3,236,Sci-Fi Echoes,Plan 9,Auto-Swell,Warp 2,Beyond,Alt B,Alt C,Alt D,(Ext1 = Delay Motor)
axefx3,237,Year of the City 2528,Plex A Original,Plex B 5ths,Plex C Unison,Plex D THX,,,,
axefx3,238,Up/Dn Polypitch,-12/+12,+12/+7,-12/+12 FB,-12/+7 FB +Drive,,,,
axefx3,239,Tape Driver,7.0,8.0,9.0,10.0,,,,
axefx3,240,New Atmos,Classic,Exosphere,Troposphere,Quad Shift,,,,(Set ADSR Thresh in Perf-PP)
axefx3,241,Twin Peaks Bari,-5 Drop,-2 Drop,-12 Drop,-1 Drop,,,,
axefx3,242,Dual Amp Diatonic,A Major/F# Minor,E Major/G# Minor,D Major/B Minor,G Major/E Minor,C Major/A Minor,F Major/D Minor,Bb Major/G Minor,B Major/G# Minor
axefx3,243,Fremen's Super Verb clean,Vanilla,Scooped,Warm & fat,Edge,Plex Verb,Chorusplex,Boost 1,Boost 2 (ext. 1 shimmer)
axefx3,244,Horrorfest,Classic,Creepy,More Evil,Mountains of Madness,Dying (Mutes In),Dead (Mutes Out),Less,Ext 1 = Nerves
axefx3,245,Wide E-plex 28,Just Echo,Harmonic Trem,Fast Chorus,Reverb,,,,
axefx3,246,Funky Synth,Straight,Sub,Detune,Fast LFO,,,,(play single notes)
axefx3,247,5-Octave Lead,Dry,Tight Delay,Cavern Verb,,,,,
axefx3,248,Music Boxes,Sweet & Simple,Tiny Symphony,Loop and Solo!,,,,,"Single Notes, C Maj"
axefx3,249,Purple Flanger,Typical,Choralflange,Tuned Ringing (E<>B),Fixed Pipe,Stereo Hookup,,,
axefx3,250,Mic Pre Slams,Nasty Tube,Too Hot to Tape,Fried FET,Burnt Vintage,,,,
axefx3,251,Great Plains,Blowin',Whistlin',Roadhouse,,,,,
axefx3,252,Panner Pedal,FX Center,FX Track,FX Opposite,Tape Flanging,Pre-FX,No pedal? No problem.,,(Ext 1 = Pan)
axefx3,253,Capricorn 3,Classic,8-Plex,Slow Envelope,Vibe the Dry,Drive Pedal,,,
axefx3,254,Ham & Cheez,Drawbars 1,Drawbars 2,Drawbars 3,Grinder Trem,Fisa Far,No Guitar,No Organ,ENV=Roto Rate
axefx3,255,Triple Filter Funk,Aowwaah Drive,8va Aowaah,Clean Funk Echo,CF Echo Chorus,,,,(Adjust ADSR in Perf-PP)
axefx3,256,Overcompressed,Squash the Reverb,Two Squashers,Crunchsquash,,,,,
axefx3,257,Floating Swells,Low Gear (600ms),Mid Gear 1 (200 ms),Mid Gear 2 (100ms),Fast Gear (66 ms),Fast + Dot 8th Delay,Low Wandering Pan,Pedal Swell (Ext 1),(Set Thresh in Perf-PP)
axefx3,258,Raja Drone III,A Mixo Drone,C Mixo Drone,E Mixo Drone,G Mixo Drone,Sitar Synth (No Drone),,(Set Thresh in Perform-PP),"'til your Gtr ""Zings"")"
axefx3,259,Direct Injects,SSL Squash,Billie Jean,Slap Stereo,Detune,Mid Color,Hall Press,E.R.,Sync Echo
axefx3,260,One-Note Synthestra,Arpstravaganza,Strangest Things,80s Fest,Aggro,,(use a Pedal!),(Ext 1 fades synths),(Silence Resets Arps)
axefx3,261,By Your Command,Chrome Job,Base Star Flange (E),Hybrid Solo,,,,,Ext1=Whammy
axefx3,262,Brittle Comp Rhythm,Dry,Side Plate,Vrb+Dly,Chopper TREM,,,,
axefx3,263,Ping-Pong Pong-Ping,Hello 4/16,3/16 Pattern,Straight 8ths,7/16 Total,4/16 Trem,,,
axefx3,264,Rotary Scenes,0.8 Hz Rate,3.5 Hz Rate,5.3 Hz Rate,8.0 Hz Rate,,,,
axefx3,265,New Planets,Original,Exo,Heavy,Diatonic Harmonic,,,,(Set Key 2x in Perf-PP)
axefx3,266,Home World,Space Verb 2,Post Phase,Solar Wind (Auto),Fuzz Swells (Auto),Solar Wind (Ext 1),Fuzz Swells (Ext 1),,
axefx3,267,Scintilations,Square (Classic),Sine,Saw Down,Harmonic Sine,Square (No Dry),Sine (No Dry),Saw Down (No Dry),Harmonic Sine (No Dry)
axefx3,268,Proggy Plex Filter,Synthy over Big Chords,,,,,,,
axefx3,269,Traffic Jam,Classic,Detuned Descent,,,,,,
axefx3,270,Katie's Song,Mono Chorus,Stereo Chorus,Dual Chorus,Tri-Stereo Chorus,,,,
axefx3,271,Detuned Plexi,Dual,Quad,Dual Mod,Quad Mod,,,,
axefx3,272,Night Creatures,>>,<<,,,,,,
axefx3,273,Bad by Edo,Main (Live),Solo (Live),Main (Studio),,,,(Ext1=Plex),Preset by EDOSOUNDS
axefx3,274,8-Voice Chorus,25% Wet,50% Wet,75% Wet,100% Wet,,,,
axefx3,275,Dual Clean,Verb+Chorus,Ambient,Dry Compressed,,,,,
axefx3,276,Seq and LFO Wahs,Sequencer Wah,LFO Wah,Both in Series,Wahs Off,,,,
axefx3,277,No-Synth Synth,Pitch Env,Lo Trig+Sus,Hi Trig+Sus,"Lo, 2 Pole","Hi, 2 Pole",Touch Wah 1,Touch Wah 2,(Ext1=Modulation)
axefx3,278,New Country,Modded Comp Pedal,Enhancer,Slap,Boosted,Clean Crunch Split,C/C Trem,,
axefx3,279,Echo Deva 28,Crinkle Delay,Wide Crinkle,Wide +FETs,Wide Dual Chorus,Foreverator,Phaseverator,FETeverator,(ext1=More FB)
axefx3,280,Virtual Capo,-1,-2,-3,-4,,,,
axefx3,281,Pre+Post Tape Pedals,A+D,B+A,C+C,A+B,A+A,B+A,D+D,A+C
axefx3,282,In a Fixx,One Scene,Another,,,,,,
axefx3,283,Uber Chuggas,Ball Recto,Screaming Ball Recto (S.B.R),Hi Cut S.B.R.,Scooped S.B.R.,Scooped Raw,,,
axefx3,284,L.A. Session Clean,Voice 1 (Hi),Voice 2 (Mid),Voice 3 (Low),Voice 4 (Warm),Super Detune,,,
axefx3,285,'63 Tube Spring Verb,Sweet,Roto Pedal,Vibrato Pedal,Trem Pedal,Triplet Delay,Drive,All Wet,Two Comps
axefx3,286,Yngwie by FSM,Raw Fury,Delay A,Delay B,PEQ,,,,Thanks to FSM
axefx3,287,Rhythm Tap,Straight,Chorus,Stacatto Trem,Loft Flanged,Flange Drive,,,
axefx3,288,Run like Heck,Rhythm,Rhythm alt.,Intro,Synth lead,,,Use with Telecaster !,Preset by Fremen
axefx3,289,1967 All Over Again,Bass Ackwards,Trippy Flange,Psycho-Panning,No Vibe,No Reverse,,,(Ext1=Change Directions)
axefx3,290,M@-o-spheres,Warmth,Faeries,Added 5ths,Eno Pedal (Ext1),Just the Sky,Resonant,All Hall,Just the Amp
axefx3,291,Rotary Tapeverb,Smooth,Discrete,,,,,(Ext1=Tape Speed),Tapeverb by Simeon
axefx3,292,Fly By Night,Main,Bridge,Lead,,,,,(Also try Amp 1 Ch B)
axefx3,293,Harmonic Feedback,Ext 1 Overtones,Ext 1 Major OT,Ext 1 Hi Triad,Ext 1 Emi Diatonic,ADSR 1 Oct,ADSR Oct/2 Oct,ADSR Oct/Oct+5th,ADSR Oct+5th/2 Oct
axefx3,294,Jeff & Jan,8va Spitty Fuzz,Unison Overdrive,Ring + Harmony,DynaHarmo (Ext1: E Dor/Mixo),Jeff,Jan,,
axefx3,295,Later Eddie,Detuned,Inverse EQs,Phase+Detune,-1/2 step,,,,
axefx3,296,PCM70 Hall,Classic,Slow Trem,Electric Mystery,Lead,Lead + PCM Delays,,,
axefx3,297,Mr.Gilmour Lead,No Mod,Slow Roto,Vibe,Face Fuzz,Pi Fuzz,Whammy (Ext 1),,
axefx3,298,Soundtrack,Classic,eyeMax,eyeMax 3D,eyeMax 3D Dole-B,No Autoswell,,,
axefx3,299,Plate Collection,Vocal Plate,Sun Plate,London Plate,Abbey Plate,Compressed Plate,,,
axefx3,300,Juicy Lead,Delay,Delay off,OD off,,,,,
axefx3,301,Ganymede 9,"Autoswell (""AS"")",AS Extra Echoes,AS Flanged,"Pedal Swell ""PS"" (Ext 1)",PS Extra Echoes,PS Flanged,,
axefx3,302,Forty Miles,Delay,Delay off,,,,,,
axefx3,303,Blitz III,"PEQ, No Drive",PEQ (Darker),GEQ1 (Legacy Preset),GEQ 2 (Alt),GEQ3 (Scoop),,,
axefx3,304,Beef Supreme,Air Dried,Chopped,Seasoned,Stewed,,,,
axefx3,305,Shoegaze Fuzz,2x Fuzz,Phase Fuzz,Delay>Fuzz,Phase>Delay>Fuzz,PI out front,One Lonely Fuzz,Then there were none,Pi Dry
axefx3,306,Pedalboard Deluxe,Dotted 8th Delay,DRV/DLY,CP/PH/DL,CP/TR/DL/RV,Chorus,Flanger,Rotary,All on
axefx3,307,Diamonique Rain,Ice crystals,Warm showers,Ice crystals 2,Warm showers 2,Diffused,Occult,Swells,Detuned Swells
axefx3,308,Chugnuts,Thor's Hammer & Saw,Thunder & Mischief,RectAngle,Red Skull Crusher,MIII+6160,Brighter Cabs,Less Gainy,
axefx3,309,East Wes,All FX,Comp Off,No Delay,No TIme FX,Dry Amp,,,
axefx3,310,Bayou Country,No Trem,Tremolo,Blues Drive,Hot Drive,Hotter Drive,,,
axefx3,311,Promethean WV,LPF Classic,Shimmery,Bandpass,LPF x2,Touch Sense,No Filters,,
axefx3,312,Ned Beatty,Dry,Delay,Dly+Vrb,,,,,(ext1=Wah)
axefx3,313,Sea of Tranquility,Clean,Gritty,Stratocumulus,Cirrocumulus,Nimbostratus,,,
axefx3,314,A Kind of Dream,C Maj/A min,G Maj/E min,D Maj/B min,A Maj/F# min,E Maj/C# min,F Maj/D min,Bb Maj/G min,(play high single notes)
axefx3,315,Spandex & Hairspray,Dad Rock,80s Revisited,Hot Lead,Girthy Rhythm,NWOBHM,,,
axefx3,316,Mutatron Bye-Phaser,Phase 180,Ext 1 Phase 180,Pedal Rate,Almost Mono,,,,
axefx3,317,Scene Control Delay,Straight (dot 8th),More Feedback,L/R Head Ratio,Motor Speed,8th Notes,Sweet Spot,Tape Chorus,Simulated Vintage Hiss :-)
axefx3,318,Shiva on the Rocks,Clean,Driven,Drive FX,,,,,
axefx3,319,Heavy Harmonies,Raw 3rd,Screamer 3rd,Fat 5th,Octave,Maiden Soloing,(Try Power Chords!),(Default A min),(Set Key/Scale in Perf-PP)
axefx3,320,Quad Series Delay,A,B,C,D,Effected,,,
axefx3,321,Stone in Love,Intro (One Side),Main,Solo,,,,,
axefx3,322,W@rped Vinyl 4.0,78 RPM,Wish you were Twelve,Bad 33 RPM,24-48,Warp Only,78 Extra Noisy,,(Controls: Perf-PP)
axefx3,323,1987 Clean,All FX,No Delay,Compressor Only,,,,,
axefx3,324,Ambience Guitar,Start,Auto-Swell,Touch Filter,+Chorus,Pulsations,"All on, 1 Delay",Sequenced,Volume Pedal (Ext 1)
axefx3,325,Circuitbenders,Actually Playable,Bad 9 Volt,Ringfoog,Bad Echo,Chatterbox,Broke Something,Everything Wrong,(Ext 1 = Make it Worse)
axefx3,326,Stereo Death Fuzz,"""Just"" Fuzz",Post Amp Fuzz,Post Amp Rats,Post Amp Tubes,Post Amp Crush,Phazed Death,1-Note Death,Insane Supers
axefx3,327,Fifths in Space 28,5ths,Up Down,4ths Fast,Octaves,No Shifts,No Pitch/Swell,Drive 5ths,Drive No Pitch
axefx3,328,80s Pop Prog,Brite Rhythm,Fat Rhythm,Edgy Rhythm,OD Lead,OD+8va,Kid Delay,Harmonizer,Clean
axefx3,329,Ambience + Solo,Clean,Crunch,Dirt,No Amp,No Pad,,,EXT 1 = Pad Hold / Solo Vol.
axefx3,330,Thrilling Chilling,"Moans, Groans, Wails",...and Chains,Laughing Ghosts,Dark Undertones,Ensemble Macabre,Sweeping Horror,Spectre Solo,Ghosts Busted
axefx3,331,Mr.Floyd,Colortone Booster,Rat,Bender Fuzz,Pi Fuzz Ram's Head,,,,(ext1=Wah)
axefx3,332,Men In The Box,Ay Oy (LFO1),Wau Manual (Ext 1),OH YEAH!,,,,,
axefx3,333,Reverb DynaMix,Clean v1,Clean v2,Dirt v1,Dirt v2,,,,(ADSR = Rev Mix)
axefx3,334,Solar Eclipses,2013,2024 (HPF),2079 (Ext1=LPF),Crystals only,,,,
axefx3,335,Polychromatic Shifter,Detune 5ths,Detune 8va,Octave Up/Down,5th+9th,,,,
axefx3,336,Stacked Delays,Both Delays,Dissolving Tail,1xChorus,2xChorus,Stereo Phaser,FET Verb,Edge of Breakup (Original),(Ext1 = Master Time)
axefx3,337,Circular Delay,Classic,No Reverb,No Diffusion,PCMish,Dual Delay Version,Greasy,,
axefx3,338,Gnome Man Lands 28,"Eat Your Heart Out, Jack Butler",Classic Gnomes,Get Down Tonight,Gnome + Pixie,Gno Gnomes,,,
axefx3,339,Fremen's Drones of Arrakis,E min,D,C,B,A min,G,F# min,(S1-S7: Synth Chords)
axefx3,340,Compurhythm,Don't Fire Your Drummer,Boogie Woogie Bass,Guitar George,No Drums,6/8,,(Ext 1 = Drum Fill),(Tip: Play the Bassline + Hits)
axefx3,341,Final Frontier 3,Boldly (play single note),Cadence Note (Play Same Pitch),,,,,,
axefx3,342,Dynafilter Dual Mod,Saw Down,Square,Saw Up,Trap,Saw + Syn,Square + Syn,Saw Up + Syn,Trap + Syn
axefx3,343,Pitch Follower,Delay & Verb,Wet & Random Wah,Just Verb,Just Delay,Dry,Panning 2290,(Gain & FX increase as you...,...play higher notes!)
axefx3,344,Synchrostep Flanger,Mono,Stereo,Sequenced,Slow,,,,
axefx3,345,RockMeOn C2,Normal,Chorus,Echo,Dry Wide,Dry Mono,,,Headphones :-)
axefx3,346,Aaron Marshall GoT,purple precision [rhythm],a free man [lead],2203 x 1981 [rhythm],memmory commander [clean],microsh[r]if[f]t [rhythm],fuzzy wuzzy [lead],retro grease [lead],pegasus.wav [clean]
axefx3,347,Andy Wood GoT,+VP4 FX,Octave Drive,Aurora,Flanger,,,,
axefx3,348,AustinBuddy's XTC 28,LowBlue,Low Blue w/Amp Boost,High Blue (w/Flanger),High Blue w/Amp Boost,Low Red,Low Red w/Amp Boost,High Red (w/phaser),High Red w/Amp Boost
axefx3,349,Brad Whitford GoT,Main,L Child 3rd,Solo,Liverpool,Liverpool Lead,Ruby,,
axefx3,350,Brett's Party Pack 28,Prince Tone,Texas Heat,Dartford Pride,Plex Addict,Mr Blunt,Unleash,Double Royale,Blues Screamer
axefx3,351,Brett's Party Pack 2 28,ODS Clean,ODS Dirty,ODS Lush,ODS Solo,Triptik Clean,Triptik Dirty,Triptik Pie,Triptik Solo
axefx3,352,Chris Baseford GoT,AC-20 (12AX7 Treble),AC-20 (12AX7 Treble) +,Carol-Ann Tucana (Lead),Carol-Ann Tucana (Lead) +,Marshall JVM (OD2 Green),JVM (OD2 Green) +,Revv Gen (Red 2),Revv Gen (Red 2) +
axefx3,353,Chris Traynor GoT,Clean,Dirty,Solo,More Than Machines,,,,
axefx3,354,Clay Cook ZBB (Strat),Clean,Straight,Drive,<mute>,,,,
axefx3,355,Cooper Carter GoT,Sound,...on Sound (Clean Lead),...on Sound (Big Lead),EJ ACL Hold Delay,EJ ACL Clean Intro,"""EJ ACL""",,
axefx3,356,Dante F GoT,CLN CHORUS,5150 DIRTY,FAT LEAD,CLN+DRY,THICC RHY,OCT DOWN,LEGACY RHY,AMB CLN
axefx3,357,Fluff GoT,BIG RTM,CLEAN,OCTO,LO FI,DIRT,CRUNCH,WHAMMYYY,
axefx3,358,Fremen's ODS GOT,Clean,Pushed,Humble,Humbler,Humblerer,Full OD,Klon,Zen Master
axefx3,359,FSM GoT,Clean Ambient,Clean,Rock Rhythm,Rock Lead,Lead Cirrocumulus,Classic Rock,Clean Dotted 8ths,Clean Ambient Plex
axefx3,360,Gary Cain Live,clean,drive 1,drive 2,drive 3,,,,
axefx3,361,Guthrie Govan GoT,MAIN,SYNTH,SOLO,"""CLEAN""",,(Exp 1 = varies per scene),(Exp 2 = global volume),
axefx3,362,Hevy Devy,Clean,Breakup,Grit,Grit + FX,Heavy,Epic,Solo,Synth
axefx3,363,James Valentine Live,JV CLEAN,DUMBLE,FRIEDMAN,ODS LEAD,MESA LEAD,ANDY CLEAN,AMB CLN,VIBE (PDL2)
axefx3,364,Javier Reyes GoT,Rhythm,Slap,Lead,Clean,Open Rhythm,Down Oct,Wet Slap,Crystals
axefx3,365,Justin Derrico GoT,CLEAN,SHIVA,SHIVA LEAD,JMP LEAD,WHAMMY,---,---,---
axefx3,366,Larry Mitchell GoT,Tweed O Trem,Two tape,Floatation,Marshalls Lead,One Pony,Two Pony,Radio One,Radio Two
axefx3,367,Leon's Live 28,CHUNK,LEAD,DELAY,WOBBLE,LOFI,UNDULATOR,GUNK,ROCKGUY CLEAN
axefx3,368,Lifeson GoT FX,Chorus Clean,Wet Rhythm,Stereo FX 1,Xana Dude,YYD ..lay,Modern Day Slapback,Syrinx Echo,Hemisflange
axefx3,369,Marco Fanton GoT,Lead,Crunch,Clean+,Lead Wha,Rhythm +,Clean Space,Clean Shimmer,Fanton Lead
axefx3,370,Mark's Day's Recto 27,Crunch,Rhythm Dirt,Mother Intro,DELAY,SOLO,SPILL,Phase Solo,Clean
axefx3,371,Neal Schon GoT,GREEN,ORANGE,RED,REVERSE LEAD,---,---,---,"[pdl1: Wah, pdl2: Wet FX]"
axefx3,372,Periphery Jake GoT,Rhythm Loose,Rhythm Med. Tight,Rhythm Very Tight,,,,,
axefx3,373,Periphery Mark GoT,Glitch Clean,Comp Clean,Bright Verb Clean,Bright Clean,,,,
axefx3,374,Periphery Misha GoT,Misha Mansoor Rhythm Tone,Misha Mansoor Lead Tone,Misha Mansoor Clean Tone,,,,,
axefx3,375,Pete-a-Palooza,Pete Plexi,Studio Clean,Blues Solo,Pete CCV Metal,,,,(From Pete Thorn's Preset Pack)
axefx3,376,Phil Collen GoT,Photograph Rhythm,Photograph Chorus,Photograph Lead,,,,,
axefx3,377,Stevens Rebel Yell,Main (Ext 1 = Wah),Solo (Ext 1 = Raygun),,,,,,
axefx3,378,Tim Pierce GoT,CLEAN,ClnBoost,CleanBoostDarkDelay,SoloDrkDly,ClnW/Chorus,CleanBoostDlyREV,,EuroBlueTP
axefx3,379,Tosin Abasi GoT,Clean,Rhythm BE,Lead 2,,,,,
axefx3,380,Vai FX GoT,Lead + Dly 1,Lead + Dly 2,Lead + Dly 3 brighter,Lead + Dly 4,Bassman clean 1,Bassman clean 2,Bassman crunch,Ballerina
axefx3,381,Out1:FOH Out2:Cab,,,,,,,,
axefx3,382,Amp Match Template,Pedal 2 = Reference Solo,,,,,,,(for Tone Matching an amp)
axefx3,383,BYPASS,,,,,,,,
fm3,0,59 Bassguy,Crunch Bright,Cranked Bright,Jumped,Lead FX,Vibey,Dry Bright,Dry Normal,Dry Jumped
fm3,1,65 Bassguy,Normal,Bass,Normal FX,Bass FX,Normal Drive,Bass Drive,Normal Dry,Bass Dry
fm3,2,Vibrato Lux,Trem Off,Trem On,Drive + FX,Drive Phase,Comp,Drive Comp,,Dry
fm3,3,Deluxe Verb,Normal,Vibrato (Trem Off),Vibrato (Trem On),Full OD,Fuzz,Comp'd Dry,VB Verb,Dry
fm3,4,Double Verb,Silverface,Normal,Vibrato Ch. (Trem Off),Vibrato Ch. (Trem On),Comp Chorus,Slow Trem Big Spring,Timothy Drive,Dry
fm3,5,A-Class 15,Cleaner,Crunch,More Delay,Boosted,Phase Trem,Roto,Comp Chorus,Dry
fm3,6,Class-A 30,Brilliant,Cranked Brilliant,HOT,Old Top Boost,Delay Pre,SDD Pre,Dry Brilliant,Dry Cranked
fm3,7,Prince Tone,5F2,AA964,Reverb,Verb Trem,5F2+Drive,Colortone,Vibe FX,5F2 Dry
fm3,8,Plexi 50W,6550,High 1,High 2,1987x,6550 Dry,High Dry 1,High Dry 2,1987x Dry
fm3,9,Plexi 100W,High,Jump,1970,1959SLP Treble,High Dry,Jump Dry,1970 Dry,1959SLP Dry
fm3,10,Brit 800 FM3,2203 High,Studio 20 Hot,Mod,Leon's #34,Studio Compression,Driven 2203,Mod FX,2203 Dry
fm3,11,Hipower,Normal,Brilliant,Cranked Brilliant,Boost +FX,Boosted + Cranked,Phase+Delay,"Normal, Dry","Dry, Fat Cab"
fm3,12,USA Mk IV,Clean,Rhythm Fat,Lead Bright,Mid Gain,Clean Comp Chorus,Rhythm FX,Drive Lead Brt,Lead Mid FX
fm3,13,USA IIC+,IIC+ (cab A),IIC+ (cab B),IIC+DP (cab A),IIC+DP (cab B),IIC++ (cab A),IIC++ (cab B),IIC++ (cab C),IIC++ (cab D)
fm3,14,Recto 1,Orange Normal,Orange Modern,Red,Red Scoop,Orange Normal Lead,Orange Modern Lead,Red Lead,Red Scoop FX
fm3,15,Recto 2,Orange Vintage,Red Vintage,Orange Modern,Red Modern,Driven Orange,Driven Red,Driven Orange,Red lead
fm3,16,Euro,Blue,Blue Modern,Red,Red Modern,Red Lead,Blue Mod Dry,Red Mod Dry,(CS#1 = Input Boost)
fm3,17,AC-20 Deluxe,12AX7 Treble,12AX7 Bass,EF86 Treble,EF86 Bass,Delay>Amp,Amp>Delay,Gemini,EF86 Treble Dry Comp
fm3,18,Shiver,Clean,Clean Bright FX,Straight Lead,Drive Bright Lead,Clean Chorus,Lead MTD,Clean Dry,Lead Brt Dry
fm3,19,Vibrato-King,Normal,Normal Trem,Fat,Trem Fat,Fat Boost,Roto Verb,Dry,Fat Dry
fm3,20,Euro Uber,Dry Scoop,Room Balanced,Boosted,Micro Shift,Enhancer,Flanged,,
fm3,21,Solo 100,Clean Comp,Crunch,Lead,Clean FX,Lead FX,Clean Dry,Crunch Dry,Lead Dry
fm3,22,Super Verb,Normal Brt,Vibrato (No Trem),Vibrato (Trem),Vib Ch Gained up,Boost-Comp Crunch,Normal Dry,Vibe Ch. Dry,Gained Dry
fm3,23,Friedman BE-100,BE V3,BE V2,BE V1,BE V1 Fat,BE V3 Cab B,,,"Cab A V30, Cab B GB"
fm3,24,Friedman HBE-100,HBE V3,HBE V2,HBE V1,HBE V1 Fat,HBE V3 Cab B,,,"Cab A V30, Cab B GB"
fm3,25,Champlifier,5F1 Tweed,5F1 EC Tweed,Verb,Trem,Slow Phase,ACB,,
fm3,26,Tremolo Lux,Trem Off,Trem On,Gained Up,Gained Roto,Comp Crunch,Dry Big,Dry Bright,
fm3,27,5153,Clean Green 100,Blue,Red,Red Lead FX,Blue 50W,,,Cab B = Stealth
fm3,28,Concert 6G12,1x12,Jam Ray,BB Pre,Sunrise Drive,Tri Fuzz,2x10,2x12,"Try All Blocks, All Channels"
fm3,29,Mr. Z 38,Gain 2.5,Gain 4,Gain 8,Comp Clean,Comp Crunch,Drive Lead,Dry Clean,Dry Crunch
fm3,30,Wreckers,Rocket,More Rocket,Liverpool,Liverpool Bright,Liverpool Lead,Flange Lead,Rocket Dry Comp,Liverpool Dry Comp
fm3,31,Angle Severe,Channel 1,Channel 2,"Ch 1, CC Boost",Rhythm FX,Flange Lead,Ch 1 Dry,Ch 2 Dry,[By Fremen]
fm3,32,Spawn Q-Rod OD-1,OD1-1,OD1-2,OD1-3,1 Dry,2 Dry,3 Dry,,
fm3,33,CA3+,Clean FX,Rhythm Bright,L.A. Lead FX,Clean Comp,Rhythm Dry,Rhythm Fat Dry,Lead Dry,Crunch->Clean
fm3,34,FAS Lead 1+2,Classic Ld 1,FX Ld 1,Octave Ld 1,Phase Ld 1,Classic Ld 2,FX Ld 2,Octave Ld 2,Phase Ld 2
fm3,35,Tucana,Clean,Cranked Clean,Lead,Cranked Lead,Clean Comp Dry,Klone Lead,Clean FX,Boost Lead FX
fm3,36,FAS Modern,Darker,Brighter,Precision,Dimension FX,Dry Bright,,,
fm3,37,Das Metall,Das Metall,Grinder Boost,Farfegnugen 2,Thumpcrusher (MBC),Crusher+Gate,,,
fm3,38,ODS-100,Clean,Ford 1,Ford PAB,Ford Mid-Boost,Tasty Pre +Room,King OD,Chorus Slap,PAB Dry
fm3,39,The Brown Sound,by Burgs,Ext 1 = Tape Drop,50W 6CA7,100W Jumped,,,,
fm3,40,Buddah Duomaster,Cleaner,Crunch,Clean FX,Lead FX,Dry,,,
fm3,41,Matchbox Chiefman,1,2,Pedals Out Front,Post Chorus,Dark Amp Drive,Dark Amp Overdrive,Clean Comp Verb,1 Dry
fm3,42,Supertweed,Pulled,Pushed,More,Superfuzz!,Ring Octave,Deep Slow Phase,Enhancer,Dry Pushed
fm3,43,Brit JVM,Green 1,Orange 1,Red 1,Cranked Red 1 FX,Orange Drive,Green FX,,
fm3,44,Div 13 CJ,Pure Clean Comp,Edgy,Boosted,Light Klone,Hot Amp,Heavy Drive,Rotochorus,
fm3,45,Blanknship Leeds,Dry,Light FX,Middy Fuzz,Phase Fuzz,Ring Octave Fuzz,Exotica Grind,Slow Roto,Dry
fm3,46,Supremo Trem,1x12 Crunch,1x12 Crunch Trem,1x12 Cleaner,Clean 1x15,Crunch 1x15,Fuzz 1x15,Phase Trem 1x12,Dry 1x12 Crunch
fm3,47,Citrus RV50,Crunch,Driven,More Gain,Cranked,Sonic Drive,Lead FX,Dry Drive,Dry More Gain
fm3,48,Carol Ann OD-2,Classic,Slap+Verb,Sweet Singing,Slow Vibe,Foxy Flange,Vibery Chorus,Rotary Pedal (Ext 1),Dry
fm3,49,JM45,Cleaner,Crunch,Hot,Jumped,Bender Fuzz,Lead FX,Jimi-esque,Wooly Fuzz
fm3,50,Hot Kitty,Hot,Hotter,Pedal Drive,PolyOctaLead,L.A. Rhythm,Nice Middy Solo,Dry Rhythm,Dry Comp Clean
fm3,51,Two-Stone J35,1 J35 PAB,2 J35,Short Slap + Verb,Boost Lead,Touch Wah,Rotary Pedal (Ext 1),1 Dry,2 Dry
fm3,52,Spawn Nitrous,Ch 1,Ch 2,Dry 1,Dry 2,OD Gate 1,OD Gate 2,Wide FX,Wet FX
fm3,53,Brit Silver,Gain 5,Gain 7.5,G5 Hi Master,G7.5 Hi Master,Loud Lead,5th Lead,Mu Tube Post Comp,G5 Hi Dry
fm3,54,Herbie,2-,2+ Mids,2+ Scooped,3,2+ FX,3 Modern Comp,Lead FX,2+ Old Cab
fm3,55,Dweezil's Bassguy,Less,More,Dark,Comp Fuzz 1,Comp Fuzz 2,Vibe FX,Fuzz Dynaflanj,Dry
fm3,56,Ma the Meatloaf...,Original Recipe,Dark Gravy,Microshifts,Dark Gate,Lead FX,Bigger Bottom,Loose Low,ML Cab
fm3,57,5F8 Tweed,Clean Bright Comp,Breakup Bright,Crunch Normal,Jumped,Drive Normal,Plump Chicken,Bright FX,Breakup Dry
fm3,58,Atomica,Channel 1,Channel 2,Ch 2 Boost,Ch 2 Lead,Clean FX,Ch 1 FX,Ch 1 Dry,Ch 2 Dry
fm3,59,Deluxe Tweed,Cleaned Up,Bright Gain,Dark Rhythm,Jumped,OD Lead FX,Fuzz Lead FX,Dry Cln Comp,Bright Dry
fm3,60,Dirty Shirley,1,2,Hot Lead,1 Dry,2 Dry,OD Dry,,
fm3,61,Fox ODS,Normal,Bright,Mid,Mid Bright,Tone of Kings,Vibey Delay,Normal Dry,Mid Dry
fm3,62,Nuclear Tone,Cleaner,Trem Verb,Gainy,Color Drive,No Trem,Atom Plex,Dry,Dry Gainy
fm3,63,6160s,Block Crunch,Plus Crunch,Crunch Bright,Plus Lead,Processed,Sidechain Gate,Lead FX,Brite Tite Wide
fm3,64,Archean,Clean,Lead,Lead Bright,Lead FX,Clean Brt FX,Clean Dry,Lead (cab D),Lead Brt (cab D)
fm3,65,Spawn Q-Rod OD-2,OD2-1,OD2-2,OD2-3,1 Dry,2 Dry,3 Dry,Tight Gate,Stereo Lead
fm3,66,Wrecked Express,Cleaner,Normal,Bright,Lead FX,Mod Flange Lead,Dry,Dry Bright,Dry Legacy
fm3,67,Brit Pre,OD1,OD1 Bass Shift,OD2 Bass Shift,Clean 1,Clean 1 FX,,,
fm3,68,Badger 18,Cleaner,Cool Crunch,Hot Crunch,Drive Lead,Comp Slap,Crunch Slap,Cool Dry,Hot Dry
fm3,69,Brit AFS100,Mode 1,Mode 2,#34,Greasy Mode 1,Thick Mode 2,Scary #34,Slashed Jube,Chewy Slashed Jube
fm3,70,Dizzy VH4,Channel 2,Channel 3,Channel 4,Grindy Ch4,9999 Days,Sweet Lead,BFG Fuzz,"Big Amp, Small Cab"
fm3,71,Bassman About 2 Explode,Any Sec...,KRA-KA-THOOM!,Octave Fuzz,Fuzz on Fire,Literally Call 911,,Legacy Cab,Dry
fm3,72,Band Commander,Hall,Room,Comp Slap Room,Phase,Big OD,Dry,Dry Darker,Dry Boost
fm3,73,ODS-100 HRM,Classic,Hot Touch,Phat,Rotary,OD Boost,OD Boost Mid,Clean 1,Clean 2
fm3,74,Vibrato Verb,AA,AB,Custom,AA Trem,AB Trem,Custom Trem,Damage Nexus,AB Dry
fm3,75,Texas Star,Clean,Lush Clean FX,Blue Delay,BBAT > Clean,King Tone,Solo OD > Clean,Lead Channel,Lead FX
fm3,76,Jumped Plexi,4:4,5:3,6:6,8:6,Screamer,Detune,MBC Tamer,Dry 5:3
fm3,77,Studio Leads,2025,'25 FX,'25 FX+CMP,2022,'22 FX,'22 FX+CMP,25 Dry,22 Dry
fm3,78,Dee Cee 30,Clean,Crunch,Drive,FX Crunch,Harmono Stereo,SDD Pre,Roto,Driven Dry
fm3,79,Whole Lotta FM3,EQs as Cab,Classic,Delay,Fuzz Face,Ten Years Cleaner,Jimmy Phaser,Nasty Fuzz,Dry
fm3,80,Fuzz Tweed,PI,Face,Super,Revolution,Hard,Russian,Maestro,Face 4K+Bender
fm3,81,Hell's Glockenspiels,Verb,Drive Pedal,Dry,,,,,
fm3,82,Petrucci Rig 2025 FM3,Crunch Me Under,Our New Chorus,The Miracle & the Clean Chorus,Learning to Lead,Leads in the Sand,In the Presence of Leads,Count of Flanger,Crunch Me As I Am
fm3,83,Solo 88,Clean Comp,Rhythm,Lead,Chainsaw,Clean FX,Clean Dry,Rhythm Dry,Lead Dry
fm3,84,Comet Concourse,4x12 TV,4x12 Rumble 12L,2x12 Lead,1x12 G12T,Rumble Fire,TV Dry Punch,Rumble Dry Punch,Driven 1x12 Dry Punch
fm3,85,Try Axes 28,Clean FX,LD2 Green,LD2 Yellow,LD2 Red,LD2 Red Lead FX,LD2 Green Cali,LD2 Yellow Cali,LD2 Red Cali
fm3,86,Cameron CCV,1B,2A,2C,2D,Tight Wide,Phase Delay,Symphonic,2A Dry
fm3,87,Capt Hook,1B,2A,2B,3B,3B Lead FX,1B Dry,2B Dry,3B Dry
fm3,88,JS410,Crunch Orange,Crunch Red,Lead Orange,Lead Red (Alien Surfing),Golden Whammy Lead (Ext 1),Flange Hollow Lead,Crunch Dry,Lead Dry
fm3,89,Corncob,Dialed Down,Drives on Five,Hotter,Power Amp Push,5/5 Lead,Drives 5 + Drive!,5/5 Dry,5/5 Legacy Cab
fm3,90,Bludojai,Clean 1x12,Lead 1x12,PAB Lead 1x12,FET PAB 1x12,Clean 2x12,Lead 2x12,PAB Lead 2x12,FET Lead 2x12
fm3,91,JM45 Blues,Warm Amp,Warm Trem,Driven Warm,Boosted Drive,Hot Amp,Driven Hot,Warm Dry,Hot Dry
fm3,92,JR Blues,Normal Cleaner,Normal Gainy,Fat,Fat Cranked,Klone Fat,Slight Boost +Pedals,LED Drive Lead,Comp Dry
fm3,93,Triptik,Clean,Classic,Modern,Modern Scoop,Fat Lead FX,Clean FX,Klon Trem,Classic Dry
fm3,94,FAS Originals,FAS Hot Rod (TV),FAS Rhythm (TV),FAS Express (TV),FAS Wreck (TV),FAS Rhythm (2x12),FAS Express (1x12),FAS Wreck (2x10),Hot Rod Dry
fm3,95,EJ Clean,Classic,Wetter,Breakup ACL FX,Comp Boost,Delay Hold ACL (Ctrl Sw 1),,,(Scenes 2-5 Cooper Carter)
fm3,96,Who's Next FM3,Classic,Who Are You (Arp),Who Are 2 (Pre Direct),Classic Dry,,,,
fm3,97,Thick and Chunky,Rhythm,Screamer,Drive Detune,Lead,Dry,,,
fm3,98,Jazz 120,Chorus,Bright Chorus,Bright Chorus Verb,Comp JC,More Pedals,Studio FX,All FX,Dry
fm3,99,Studio Cleans FM3,Detuners,Tri Chorus,Quad Chorus,Wall Delay,Quad Tap,Aerosol,Plasticky,Comp Dry
fm3,100,Solo 99,Clean,Lead,Bright,LA Clean LT,Grease,Thick Lead,Clean Dry,Lead Dry
fm3,101,Triple Crest,Clean,Low Gain,High Gain,High Gain Tight,Lead FX,Chorus Tight,Low Gain Comp Dry,High & Dry
fm3,102,Djentlemanly,Classic,Bulb's Judgement,BJ FX,FAS 6160,Raw Amp,,,
fm3,103,Leon's Djent Bass FM3,Gargantuan (Active),Mechagodzilla (Active),Ghidora (Active),Rodan (Active),Gargantuan (Passive),Mechagodzilla (Passive),Ghidora (Passive),Rodan (Passive)
fm3,104,Citrus A30,Clean Ch,Dirty Ch,Dirt More,Shred FX,Dot 8th>Amp,Dry Clean Comp,Dry Dirt,Dry Dirt More
fm3,105,Ruby Rocket,Cleaner,Normal,Bright,Hot Chime,Crunch Chorus,Hot Blues,Rotary Grind,Normal Dry
fm3,106,Machine Gun,Polite,Filmore,Fuzz Vibe,Octa Vibe,Just Wah,Dry,Polite Dry,(Ext 2 = Backwards)
fm3,107,Bogfish,Brown,Strato,Scooped,Multidelay,Brown Dry,Strato Dry,,
fm3,108,Lime Lite FM3,Legacy,Dyna 28,Solo,,,,,
fm3,109,Glass Leads,Original (GB),Mimicry (GB),Coliseum (GB),Dry (GB),Original (V30),Mimicry (V30),Coliseum (V30),Dry (V30)
fm3,110,Revv Gen Purple,Rhythm 1,Rhythm 2,Crunch,Lead,,,,Preset by Fremen
fm3,111,Get Your Kicks,Original,Zen Lead,Trem Pedal,Dry,Cleaner Comp,Cleaner Chorus,Cleaner Rototouch,Cleaner Dry
fm3,112,Metro Blues,Cool,Warm,Hot,Clean FX,Comp Combo,DS Lead FX,DS1>Clean,Dry
fm3,113,USA MkV FM3,Green Clean,Red XT,Red MKIV,Red IIC+,Green FX,XT FX,IV FX,IIC+ Dry Side Gate Wide
fm3,114,Deluxe Tape FM3,Basic,New,Squashed,Phase 45,Post Trem,FET Pre,Roto Pedal,Dry
fm3,115,Destructive Appetites,Original #1,Original #34,A.F.D. Edo,Jungle Edo,U.Y.I. Edo,#1 Dry,#34 Dry,Scenes 3-5 by Edosounds
fm3,116,Many Roads FM3,Classic,OD,Dry,,,,,
fm3,117,Citrus Terrier,Tiny,Scooped,Micro,Dry Tiny,Dry Scooped,Dry Micro,,
fm3,118,Jim or Leo,Jim,Leo,Jim (No Comp),Leo (No Comp),,,,
fm3,119,Cork Sniffers,Ford PAB,Ford PAB Mid,HRM,HRM Mid,Ford PAB Dry,Ford PAB Mid Dry,HRM Dry,HRM Mid Dry
fm3,120,Still Blue,Cranked 1959,1959 OD,Cranked 45,45 OD,Dry 1959,Dry 45,,
fm3,121,MF Euro FM3,Lead,Rhythm,Clean+,Lead 2,Rhythm+,Clean Space,Clean dry,Space
fm3,122,Small Box,4x12 V30,4x12 Greenback,1x12 G12T-100,1x4 Pig,Boost Detune V30,V30 Dry,GB Dry,1x4 Pig Dry
fm3,123,Message on the Moon FM3,Castaways,De Do Do Delay,Collapsing Cloud,Volume Pedal (Ext 1),Life in my Hole,Vintage Roxy,More Muscule,Driven Solo
fm3,124,Sultans,Classic,Compressed,Boost,No Time FX,,,,
fm3,125,Money for Something FM,Intro,Main,Delay,Less Resonant,Dry,,,
fm3,126,Plexpressor,Restrained,Gorgeous,Choral,Drive,,,,
fm3,127,Rackmount Pre,Black on Yellow,Brit,Black on Red,Silver,Yellow + FX,Brit +FX,Red + FX,Silver + FX
fm3,128,Galactic FM3,Clean No Dry,Clean,Drive,Drive no Dry,Starship Flange,,,Ext 1 = Reverb Hold
fm3,129,Brett's AC-20 FM3,Clean,808,Chorus,Cranked (Treble Boost),Face Fuzz,EF86 Vibe,PanDLY,Roto Chorus
fm3,130,Cliffs of Dover,Brighter,Darker,,,,,,
fm3,131,Vibrato Pedals,Whatsacraft VB Fast,VB Slower,Chorovibe Fast,Chorovibe Slower,Stereo Post Fast,Stereo Post Med,Stereo Post Slow,Vibe on Vibe
fm3,132,Eruption,Phaser,+Frown EQ,+Variac,+EQ +Variac,Drop to Eb,+Variac,Eb +Variac,Dry
fm3,133,Mutro Funk,Clean Funk,FX Funk,Wet Crunch Funk,Dry Crunch Funk,Drive Octafunk,Mystery Funk,HPFunk,Ext 1 Funker
fm3,134,Celestial Reverbs,Andromeda,Pegasus,Aquarius,Centaurus,Post Trem,Chorus Comp,SDD Celestial,Slow Flange
fm3,135,Jet Flangers,Classic,Mono High Range,180* High Range,Giggle Stick,,,,
fm3,136,TZF Flanger,Total Cancel,Default Zero,Zero Pedal (Ext 1),,,,,
fm3,137,Diatonic Triads,C Major / A minor,G Major / E minor,D Major / B minor,A Major / F# minor,E Major / C# minor,F Major / D minor,Bb Major / G minor,Eb Major / C minor
fm3,138,Black Holes,Cygnus,Drive,Phased (Ext = Rate),Time Warp (Ext 1),Mute In,Mute Out,,
fm3,139,Dual Detune Delay,400ms xFB,Halo,Circular,Slaptune,1 + 2290 Chorus,2 + Ursa Major,3 + 2290 Chorus,
fm3,140,Enumerating Ravens,Delay,Delay off,,,,,,
fm3,141,Introspections,Classic,Whimsy,Denial,,,,,
fm3,142,Flange the Echoes,Stereo Jet,Analog Stereo,Pop Flanger,BBF-2,,,,
fm3,143,Meet the Cytherians,Classic,Reverse,Chorused,No Reverb,,,,(Try Harmonics!)
fm3,144,Jeff Gets Ready FM3,Clean,Driven,,,,,,
fm3,145,Emerald Oceans FM,2025,Sunlight Underwater,Deeper,,,,,ADSR1 = Swells
fm3,146,Plex Verb 8 FM,Clean 1,Clean 2,Random Mod,Dirt 1,Dirt 2,Dirt 3,Rockguy,Preset by Leon Todd
fm3,147,Crawling in the Dark,All FX,Flanger,Phaser,,,,,
fm3,148,Andy's Woodshed Lead FM3,Lead,TS9,Octave Dist,Phased,Flanged,Octo Phase,Dry,Gainy Dry
fm3,149,Simeon's Plexi 100w,Rhythm,Lead,Wet,,,,,
fm3,150,Smokey Jazz,Reverb,Chorus,Dry,,,,,
fm3,151,The Infield,Cleaner,Crunchier,Lead,,,,,
fm3,152,Velvet Sun FM3,Sweeping,LM Style,Driven,Level Sensitive,,,,
fm3,153,Lonely Heart,Classic Solo,Octaves,Downer,Big 5ths,Opening of a...,,,
fm3,154,Bl@de Runner FM,1983,2049,The End,,,,,Single Notes. See Perform-PP
fm3,155,Screaming Meanie,Ratty,5k Blocking EQ,4k High Block,,,,,
fm3,156,Fremen's 5153 FM3,Rhythm,Crunch,Lead 1,Lead 2,Classic Cln,Classic cln + mod,80's clean,Acoustic sim
fm3,157,Octoplex's Garden FM3,Subtle,Bigger,Extreme,Roto-X (Ext 1= Rate),Filter Pedal (Ext 1),,,
fm3,158,Bassed On FM3,USA 400 Round,400 Brite,Fat SV,SV Grinder,Funktron,Gordon Character,Vintage Dist,No Cab (Out 2 = DI)
fm3,159,Barracuda FM3,Main,Lead,Outro Syncopation (CS1),,,,,(CS1=Harmony in B-Section)
fm3,160,Lone Acey,A COMP,CLEAN LEAD,C DELAY,D DRIVE,D LEAD,SPACE FX,BD PHUZZ,E-CHO-RUS
fm3,161,Touch LFO Filter,Miami Vice,Synchrosine,1/8 Saw,1/8 Sine,1/16 Saw,1/16 Sine,Use Perf PP for Envelope...,All 4 CONTROLLER channels used!
fm3,162,Poltergeist Pigs FM,Classic,Wails,,,,,,
fm3,163,Organics FM3,Clean,Dirty,Alt Pipes,Lon Chaney Lives,,,,
fm3,164,Brian Might,La Boheme,Big Echoes,Harmony (Cmi),Big 5ths,Big Rhythm,Hot Rhythm,,
fm3,165,Ric-O-Twelve FM3,20%,30%,40%,Chorused,,,,
fm3,166,Albert's Lead,Treb Boost,Boost off,Dry,,,,,
fm3,167,How Now is Soon FM3,Less,Slight Drive,Slight Chorus,,,,,(Short Silence Resets LFO)
fm3,168,Crystal Echoes,No Chorus,Classic,Forward Crystals,Extra Verb,ALL Verb,Kill the Dry,,
fm3,169,PolyOctaveGen Pedal,Gen 1,Gen 2,Gen 3,Gen 4,,,,
fm3,170,Cloud Delays,One,Two,Three,Solo,,,,
fm3,171,U-Vibe and Rotary,All FX,Uni Only,Roto Only,,,,,
fm3,172,CronoEcho FM3,Crono,Wide,Super,Vintage,,,,
fm3,173,Gated Verbs,Megatap Gate,Megatap Short,75 ms Stereo Verb,130 ms Stereo Verb,230 ms Stereo Verb,,,(Set Gate in Perf-PP)
fm3,174,MultiComp Plexi,No Drive,TS808,Octavia,,,,,(Try Amp Channels)
fm3,175,Pulyfuzz FM3,Wide A,Wide B,Mono A,Mono B,,,,
fm3,176,Divided by Burgs FM3,Clean CJ,ODR-1 CJB,Chorus CJ,Chorus Dirt CJB,Face Fuzz CJB,FT37 Vibe,Pan Delay CJ,Rotochorus (Ext. 1)
fm3,177,Satan's Hollow FM3,Classic,No Phaser,No Guitar,No Arps,No Synth Bass/Chords,,,
fm3,178,XF Esrever,YRD,Cissalc Regnalf,Egnalf GnoL,Resahp,Kcabpals,Brever,Esahp Egnalf Yaled,!Recnamorcen
fm3,179,Vertigo!,100% Width,200% Width,300% Width,400% Width,,,,Ext1=Pan Rate
fm3,180,Spring in a Cave FM3,Lost River,Carlsbad,Mammoth,No Cave,,,,
fm3,181,Dream Sequences,Zzzzz,Flashback,,,,,,
fm3,182,DynamicFlanger FM3,Drynamo,Dynamo,No Fuzz,Dy-no-mo,"Ny Dyn, No Fuzz",,,(Ext1 = Wah)
fm3,183,Stereo Tape Delays,Default,Crinkles,Corroding,Mono>Stereo,,,,
fm3,184,Mystic Arps,Original Lazy Man,@2022,Magic! (Single Notes),Doubles,Parallel 5ths/8va,Mod Delay,Default Gmaj/Emi,Change Key in Perf-PP
fm3,185,Frenetica,,,,,,,,
fm3,186,Heavenly Echo,Echo-Pit-Verb,No Delay,All FX,Dry,,,,
fm3,187,Trem on the Tail,Tri Trem,Trapezoid Trem,Square Trem,Harmo-Panner,,,,
fm3,188,Funkdown,A3 Downer,+Slap,Fuzzer,Rotor,,,,
fm3,189,Quad Diatonic,Stretch Triads,Open 7th Chords,Sus4 add 9,"Close 7ths, 8va up, +Bass",(Play Low Mutes for...,...Instant Pop Harmonies),(Default Key Cmaj/Ami...,...Change Key in Perf-PP)
fm3,190,S/Hip Ahoy,Classic,Driven,+Delay 2,,,,,(Ext1=Wah)
fm3,191,Rubber Biscuit,,,,,,,,
fm3,192,FilteRING Funk,Freq 50%,Original,Freq 200%,Freq 400%,Pitch 5th,Chorus+Delay (Ext 1),Nasty Flute,Faux Bass No Filter
fm3,193,I'm Nationwide,Dry,Chorus,Delay,,,,,
fm3,194,Water Colors,Vibrant,Ripples,Droplets,Prismatic,Pure,,,
fm3,195,Mindful FM3,Begin,Harmonoflange,Drive Harmonoflange,Touch Drive,Shimmer,Faster Attack,Fast All,(Ext1=Hold Vrb)
fm3,196,Crystal Scion FM3,Classic,Flanged scions,Filtered (ext1),Flantered (ext1),Flant.+dry (ext1),+Dry No Swell,,
fm3,197,Band Delay Grooves,Groove 1,Groove 2,Groove 3,Groove 4,AutoFilter 1,AutoFilter 2,AutoFilter 3,AutoFilter 4
fm3,198,Rainbow FM3,Smooth,Crystals,Swirly,,,,,
fm3,199,Thick Choruses,Tri-Chorus,Dimension,Dual Dual Chorus,8-Voice,MTD Quad,,,
fm3,200,Adrenalflange,No Drive,Boost,Delay,Negative,,,,
fm3,201,Tracking Ringmods,0.5x,0.99x,0.33x,0.25x,Drive down,Drive high,Drive .99x,Drive Ring B
fm3,202,Starship Flanger,Mono Trooper,W.u.rm,,,,,,
fm3,203,Undulations 28,Trapezoid,Square,Saw,Touch = Rate,Touch = Sweep,S/H Phaser,No Plex,No Trem
fm3,204,Serenity Now!,Classic,Slow Descent,Slow Ascent,,,,,
fm3,205,Haunting Echoes,Echoes,Boost,Reverb Stack,,,,,
fm3,206,Rockabilly HotRod,Classic,Trem City,Go Cat Go!,,,,,
fm3,207,Ambient Swirl,Full Swirl,Delay only,Autoswell,Megatap only,Plex only,,,
fm3,208,Tumbleweeds,Classic,Plex Panner,No Chorus,,,,,
fm3,209,Lunar Eclipses,Umbra,Syzygy,Halo,,,,,
fm3,210,Detuned Wahs,Less FX,Full On,No Panning,,,,,
fm3,211,No Quarter FM3,Auto Wah,Driven,,,,,,
fm3,212,Flanging Flankers,Both Flangers,Flanger 1 (Choral),Flanger 2 (Sweeping),,,,,
fm3,213,Width Chorus,Slight Crunch,Less Crunch More Mod,Slow Wobble,Wobble Crunch,+Echo,,,
fm3,214,Surf's Up,Trem + Verb,"Drv, Trm, Vrb",Verb Only,Trem Only,Dry,,,
fm3,215,Flippin' Switch,(LFO1=Rate),,,,,,,
fm3,216,High Landrons,4x12,2 4x12s,,,,,,
fm3,217,Wandering Delays,Delay,Delay off,Detune off,,,,,
fm3,218,Heavily Processed FM3,Everything,Enhance+Comp,Detune,Chorus,Frown Pre-EQ,Nothing,,
fm3,219,Boutique Menu,ODS-100 HRM,ODS + RCB,Wrecker Rocket,Wrecker + BB Pre,,,,
fm3,220,Frogtones Irie,Low Voice,Mid Voice,Hi Croaker,Bullfrog,Frogless Waiomp,,,Ext 1 = Dub Echo
fm3,221,Nameless Streets,Studio,Live,Live +FET,,,,,Preset by EDOSOUNDS
fm3,222,Fat Solo Lead 2,Lead,CC Boost,Comp,CC+Comp,,,,
fm3,223,Rainy Nights IV,Rain,Rotary,Heavy,Heavy roto,All awash,Less rain,Cleaner,Dry No Trem
fm3,224,Tim's Hook 6v6,Basic,Breakin' Up,Dirty,Swirly,,,,
fm3,225,Arpeggiator M@ness FM3,Basic (Bmi Single Notes),Greased,Trempeggio,Trempeggio & FX,Drive,Drive & FX,Drive Trem Delay,(Change Key in Perf-PP)
fm3,226,Class-A Lineup,30W TB,Big Lil 15,Plenty 20,FAS Class A,30+FX,15+FX,20+FX,FAS+FX
fm3,227,Bond... James Bond,Dr. No,Skyfall,,,,,,
fm3,228,Synth Lineup FM,Zamfir,Taurus,Prog Duo,High Sine,,,,
fm3,229,Plexi Studio 20,Jumped,Treble,Normal,FX,Sonic Lead,Jumped> Comp,Normal> Comp,Normal Mid Boost
fm3,230,Bostonian FM,Smokin',Flanged Section,Single Track,Lead Delay,,,,
fm3,231,Choral Canyons,Less,More,Deeper,Driven,,,,
fm3,232,Touch Phase IV,Waouw Waouw,Talky,Double Mod,Rate Mod,,,,
fm3,233,8-Plex Gold,Golden Delay,Golden Detune,Golden Shimmer,Gold Harps,Chorused Delay,Zen Lead Detune,Swell Shimmer,Echo Harps
fm3,234,Disco Cleans,Mor Phase,Pedal Phase (Ext 1),+Delay,SPX Effect,Wah Baby,Bone Dry,Choruphase,Wah Delay
fm3,235,Pitchmod Pulse,No Echo,Sync Echo,Flanged Echoes,Doubletime,,,,
fm3,236,Sci-Fi Echoes,Plan 9,Auto-Swell,Warp 2,Beyond,Alt B,Alt C,Alt D,(Ext1 = Delay Motor)
fm3,237,Year of the City 2528,Plex A Original,Plex B 5ths,Plex C Unison,Plex D THX,,,,
fm3,238,Up/Dn Polypitch,-12/+12,+12/+7,-12/+12 FB,-12/+7 FB +Drive,,,,
fm3,239,Tape Driver,7.0,8.0,9.0,10.0,,,,
fm3,240,New Atmos,Classic,Exosphere,Troposphere,Quad Shift,,,,(Set ADSR Thresh in Perf-PP)
fm3,241,Twin Peaks Bari,-5 Drop,-2 Drop,-12 Drop,-1 Drop,,,,
fm3,242,Split Diatonic,A Major/F# Minor,E Major/G# Minor,D Major/B Minor,G Major/E Minor,C Major/A Minor,F Major/D Minor,Bb Major/G Minor,B Major/G# Minor
fm3,243,Fremen's Super Verb FM3,Vanilla,Scooped,Warm & fat,Edge,Delay,Chorus+dly,Boost 1,Boost 2
fm3,244,Horrorfest FM3,Classic,Creepy,More Evil,Mountains of Madness,Dying (Mutes In),Dead (Mutes Out),Less,Ext 1 = Nerves
fm3,245,Delayscapes M@,Throbbing,Harmo Trem Plex,Dark Duo,Bison 2020,,,,
fm3,246,Funky Synth,Straight,Sub,Detune,Fast LFO,,,,(play single notes)
fm3,247,5-Octave Lead,Dry,Tight Delay,Cavern Verb,,,,,
fm3,248,Music Box FM,Sweet & Simple,Enhanced,Loop and Solo!,,,,,(C Maj; Change in Perf-PP)
fm3,249,Purple Flange FM3,Typical,Choralflange,Tuned Ringing (E<>B),Fixed Pipe,Stereo Post,,,
fm3,250,Mic Pre Slams,Nasty Tube,Too Hot to Tape,Fried FET,Burnt Vintage,,,,
fm3,251,Great Plains FM3,Blowin',Whistlin',Roadhouse,,,,,
fm3,252,Panner Pedal FM3,FX,Tape Flanging,Pre-FX,Dry,No pedal? No problem.,,,(Ext 1 = Pan)
fm3,253,Capricorn FM3,Classic,No 5ths,Slow Envelope,Vibe it All,Drive Pedal,,,
fm3,254,Ham & FM3,Drawbars 1,Drawbars 2,Drawbars 3,Grinder Trem,,,,ENV=Roto Rate
fm3,255,Triple Filter Funk,Aowwaah Drive,8va Aowaah,Clean Funk Echo,CF Echo Chorus,,,,(Adjust ADSR in Perf-PP)
fm3,256,Overcompressed,Squash the Reverb,Two Squashers,Crunchsquash,,,,,
fm3,257,Floating Swells FM3,Low Gear (600ms),Mid Gear 1 (200 ms),Mid Gear 2 (100ms),Fast Gear (66 ms),Fast + Dot 8th Delay,Low Wandering Pan,Pedal Swell (Ext 1),(Set Thresh in Perf-PP)
fm3,258,Raja Drone FM3,A Mixo Drone,C Mixo Drone,E Mixo Drone,G Mixo Drone,Sitar Synth (No Drone),,(Set Thresh in Perform-PP),"'til your Gtr ""Zings"")"
fm3,259,Direct Injects,SSL Squash,Billie Jean,Slap Stereo,Detune,Mid Color,Hall Press,E.R.,Sync Echo
fm3,260,FM303,Funk Chirp Guitar,Funk Chirp No Gtr,Splat!,Splat Slap,Splat Echo,Driven,Drive Slap,(Ext1=Squelch)
fm3,261,By Your Command,Chrome Job,Base Star Flange (E),Hybrid Solo,,,,,Ext1=Whammy
fm3,262,Brittle Comp Rhythm,Dry,Side Plate,Vrb+Dly,Chopper TREM,,,,
fm3,263,Ping-Pong Pong-Ping,Hello 4/16,3/16 Pattern,Straight 8ths,7/16 Total,4/16 Trem,,,
fm3,264,Rotary Scenes,0.8 Hz Rate,3.5 Hz Rate,5.3 Hz Rate,8.0 Hz Rate,,,,
fm3,265,The Planets FM3,Classic,New Systems,Dark Planets,,,,,
fm3,266,Home World FM3,Space Verb 2,Post Phase,Fuzz Swells (Auto),Taiidan (Ext 1),,,,
fm3,267,Scintilations,Square (Classic),Sine,Saw Down,Harmonic Sine,Square (No Dry),Sine (No Dry),Saw Down (No Dry),Harmonic Sine (No Dry)
fm3,268,Proggy Plex Filter,Synthy over Big Chords,,,,,,,
fm3,269,Traffic Jam,Classic,Detuned Descent,,,,,,
fm3,270,Katie's Song,Mono Chorus,Stereo Chorus,Dual Chorus,Tri-Stereo Chorus,,,,
fm3,271,Detuned Plexi,Dual,Quad,Dual Mod,Quad Mod,,,,
fm3,272,Night Creatures,>>,<<,,,,,,
fm3,273,Bad by Edo FM3,Main (Live),Solo (Live),Main (Studio),,,,(Ext1=Plex),Preset by EDOSOUNDS
fm3,274,8-Voice Chorus,25% Wet,50% Wet,75% Wet,100% Wet,,,,
fm3,275,Clean Channels,USA,Double Verb,USA Delay,Double Delay,USA Plex,Double Plex,,
fm3,276,Seq and LFO Wahs,Sequencer Wah,LFO Wah,Both in Series,Wahs Off,,,,
fm3,277,No-Synth Synth FM3,Pitch Env,Lo Trig+Sus,Hi Trig+Sus,"Lo, 2 Pole","Hi, 2 Pole",Touch Wah 1,Touch Wah 2,(Ext1=Modulation)
fm3,278,New Country FM3,Modded Comp Pedal,Enhancer,Slap,Boosted,,,,
fm3,279,Echo Deva FM3,(ext1=More FB),Crinkle,More Mod,+Phaser,+Pha+Cho,Forever FB,,
fm3,280,Virtual Capo,-1,-2,-3,-4,,,,
fm3,281,Pre+Post Tape Pedals,A+D,B+A,C+C,A+B,A+A,B+A,D+D,A+C
fm3,282,In a Fixx,One Scene,Another,,,,,,
fm3,283,Uber Chugger,Scooped Ball,Scooped Recto,Hi Cut Ball,Hi Cut Recto,Ball Dry,Recto Dry,,
fm3,284,L.A. Session Clean,Voice 1 (Hi),Voice 2 (Mid),Voice 3 (Low),Voice 4 (Warm),Super Detune,,,
fm3,285,'63 Tube Spring Verb FM3,Sweet,Roto Pedal,Vibrato Pedal,Trem Pedal,Triplet Delay,All Wet,,
fm3,286,Yngwie by FSM,Raw Fury,Delay A,Delay B,PEQ,,,,Thanks to FSM
fm3,287,Rhythm Tap,Straight,Chorus,Stacatto Trem,Loft Flanged,Flange Drive,,,
fm3,288,Run like Heck FM3,Rhythm,Rhythm alt.,Intro,,,,Use with Telecaster !,
fm3,289,1967 All Over Again,Bass Ackwards,Trippy Flange,Psycho-Panning,No Vibe,No Reverse,,,(Ext1=Change Directions)
fm3,290,M@-o-spheres FM3,Warmth,5th Plex,Twinkle Plex,Eno Pedal (Ext1),Just the Sky,Just the Stars,,
fm3,291,Rotary Tapeverb,Smooth,Discrete,,,,,(Ext1=Tape Speed),Tapeverb by Simeon
fm3,292,Fly By Night FM3,Main,Bridge,Lead,Brit Silver,,,,(Also try Amp 1 Ch B)
fm3,293,Harmonic Feedback FM,Ext 1 Overtones,Ext 1 Major OT,Ext 1 Hi Triad,Ext 1 Emi Diatonic,,,,
fm3,294,Jeff & Jan FM,8va Spitty Fuzz,Unison Overdrive,Ring + Harmony,DynaHarmo (Ext1: E Dor/Mixo),Jeff,Jan,,
fm3,295,Later Eddie,Detuned,Inverse EQs,Phase+Detune,,,,,
fm3,296,PCM70 Hall FM3,Classic,Slow Trem,Electric Mystery,Lead,,,,
fm3,297,Mr.Gilmour Lead,No Mod,Slow Roto,Vibe,Face Fuzz,Pi Fuzz,Whammy (Ext 1),,
fm3,298,Soundtrack FM3,Classic,eyeMax,eyeMax 3D,No Autoswell,,,,
fm3,299,Plate Collection,Vocal Plate,Sun Plate,London Plate,Abbey Plate,Compressed Plate,,,
fm3,300,Juicy Lead,Delay,Delay off,OD off,,,,,
fm3,301,Ganymede 9,"Autoswell (""AS"")",AS Extra Echoes,AS Flanged,"Pedal Swell ""PS"" (Ext 1)",PS Extra Echoes,PS Flanged,,
fm3,302,Forty Miles,Delay,Delay off,,,,,,
fm3,303,Blitz Modern,"PEQ, No Drive",PEQ (Darker),GEQ A,GEQ B,GEQ C,,,
fm3,304,Beef Supreme,Air Dried,Chopped,Seasoned,Stewed,,,,
fm3,305,Shoegaze Fuzz FM3,Fuzz,Phase Fuzz,Delay>Fuzz,Phase>Delay>Fuzz,SUPERFUZZ!,Octafuz,Then there were none,Pi Dry
fm3,306,Pedals>Deluxe FM3,Dotted 8th Delay,DRV/DLY,CP/PH/DL,CP/TR/DL/RV,Chorus,All on,,
fm3,307,Diamonique Rain,Ice crystals,Warm showers,Ice crystals 2,Warm showers 2,Diffused,Occult,Swells,Detuned Swells
fm3,308,Thor's Hammer+Saw,OD,OD+PEQ,OD OFF,,,,,
fm3,309,East Wes,All FX,Comp Off,No Delay,No TIme FX,Dry Amp,,,
fm3,310,Bayou Country,No Trem,Tremolo,Blues Drive,Hot Drive,Hotter Drive,,,
fm3,311,Promethean WV FM3,LPF Classic,Shimmery,Bandpass,LPF x2,Touch Sense,No Filters,,
fm3,312,Ned Beatty,Dry,Delay,Dly+Vrb,,,,,(ext1=Wah)
fm3,313,Sea of Tranquility,Clean,Gritty,Stratocumulus,Cirrocumulus,Nimbostratus,,,
fm3,314,A Kind of Dream FM3,C Maj/A min,G Maj/E min,D Maj/B min,A Maj/F# min,E Maj/C# min,F Maj/D min,Bb Maj/G min,Explore Pitch Channels!
fm3,315,Spandex & Hairspray,Dad Rock,80s Revisited,Hot Lead,Girthy Rhythm,NWOBHM,,,
fm3,316,Mutatron Bye-Phaser FM3,Pre,Pedal Phase Pre,Pedal Rate,Post 180,Both,,,
fm3,317,Scene Control Delay,Straight (dot 8th),More Feedback,L/R Head Ratio,Motor Speed,8th Notes,Sweet Spot,Tape Chorus,Simulated Vintage Hiss :-)
fm3,318,Shiva on the Rocks,Clean,Driven,Drive FX,,,,,
fm3,319,Heavy Harmonies FM3,Raw 3rd,Screamer 3rd,Fat 5th,Octave,Maiden Soloing,(Try Power Chords!),(Default A min),(Set Key/Scale in Perf-PP)
fm3,320,Quad Series Delay,A,B,C,D,Effected,,,
fm3,321,Stone in Love,Intro (One Side),Main,Solo,,,,,
fm3,322,W@rped Vinyl 4 FM,78 RPM,Wish you were Twelve,Bad 33 RPM,24-48,Warp Only,78 Extra Noisy,,(Controls: Perf-PP)
fm3,323,1987 Clean,All FX,No Delay,Compressor Only,,,,,
fm3,324,Ambience Guitar FM3,Start,Auto-Swell,Touch Filter,+Chorus,Pulsations,"All on, 1 Delay",Sequenced,Volume Pedal (Ext 1)
fm3,325,Circuitbenders FM3,Actually Playable,Bad 9 Volt,Ringfoog,Bad Echo,Chatterbox,Broke Something,Everything Wrong,(Ext 1 = Make it Worse)
fm3,326,Post Amp Fuzz,Ugly,Downshift,Phazed,Super Insane,,,,
fm3,327,Fifths in Space 28,5ths,Up Down,4ths Fast,Octaves,No Shifts,No Pitch/Swell,Drive 5ths,Drive No Pitch
fm3,328,80s Pop Prog FM3,Brite Rhythm,Mid Rhythm,Edgy Rhythm,OD Lead,OD Pure,Kid Delay,Deep FlLange,Clean
fm3,329,Ambience + Solo FM3,EXT1=Pad Hold/Solo Vol.,Crunch,Dirt,No Amp,No Pad,,,
fm3,330,Grim Grinning Ghosts,"Moans, Groans, Wails",Great Ghouls,Lone Ghost,,,,,
fm3,331,Mr.Floyd,Colortone Booster,Rat,Bender Fuzz,Pi Fuzz Ram's Head,,,,(ext1=Wah)
fm3,332,Men In The Box FM,Ay Oy (LFO1),Wau Manual (Ext 1),OH YEAH!,,,,,
fm3,333,Reverb DynaMix,Clean v1,Clean v2,Dirt v1,Dirt v2,,,,(ADSR = Rev Mix)
fm3,334,Solar Eclipses,2013,2024 (HPF),2079 (Ext1=LPF),Crystals only,,,,
fm3,335,Polychromatic Shift FM3,Detune 5ths,Detune 8va,Octave Up/Down,5th+9th,,,,
fm3,336,Stacked Delays FM3,Both Delays,Dissolving Tail,1xChorus,2xChorus,Phaser,FET,Edge of Breakup (Original),(Ext1 = Master Time)
fm3,337,Circular Delay,Classic,No Reverb,No Diffusion,PCMish,Dual Delay Version,Greasy,,
fm3,338,Gnome Man Lands 28,"Eat Your Heart Out, Jack Butler",Classic Gnomes,Get Down Tonight,Gnome + Pixie,Gno Gnomes,,,
fm3,339,Fremen's Mini Drones FM3,E min,D,C,B,A min,G,F# min,(S1-S7: Autoplay Synth Chords)
fm3,340,Compurhythm FM,Don't Fire Your Drummer,6/8 Feel,"No ""Drums""",,,,"Ext 1 = ""Fill""",Stop/Play to Sync Trem
fm3,341,USS FMX,Boldly (play single note),Go (Play Same for Cadence),,,,,,
fm3,342,Dynafilter FM,Saw Down,Square,Saw Up,Trap,Saw +Plex,Square +Plex,Saw Up +Plex,Trap +Plex
fm3,343,Pitch Follower,Delay & Verb,Wet & Random Wah,Just Verb,Just Delay,Dry,Panning 2290,(Gain & FX increase as you...,...play higher notes!)
fm3,344,Synchrostep Flanger,Mono,Stereo,Sequenced,Slow,,,,
fm3,345,RockMeOn C2,Normal,Chorus,Echo,Dry Wide,Dry Mono,,,Headphones :-)
fm3,346,Aaron Marshall GoT FM3,purple precision [rhythm],a free man [lead],2203 x 1981 [rhythm],memmory cmd [clean] FM3,microsh[r]if[f]t [rhythm],fuzzy wuzzy [lead],retro grease [lead],[alt clean]
fm3,347,Andy Wood GoT,+VP4 FX,Octave Drive,Aurora,Flanger,,,,
fm3,348,AustinBuddy's XTC 28 FM3,LowBlue,Low Blue w/Amp Boost,High Blue (w/Flanger),High Blue w/Amp Boost,Low Red,Low Red w/Amp Boost,High Red (w/phaser),High Red w/Amp Boost
fm3,349,Brad Whitford GoT,Main,L Child 3rd,Solo,Liverpool,Liverpool Lead,Ruby,,
fm3,350,Brett's Party Pack 1 FM3-10,Prince Tone,Texas Heat,Dartford Pride,Plex Addict,Mr Blunt,Unleash,Double Royale,Blues Screamer
fm3,351,Brett's Party Pack 2 FM3-10,ODS Clean,ODS Dirty,ODS Lush,ODS Solo,Triptik Clean,Triptik Dirty,Triptik Pie,Triptik Solo
fm3,352,Chris Baseford - GOT FM3,Morgan AC-20 (12AX7 Treble),Morgan AC-20 (12AX7 Treble) +,Carol-Ann Tucana (Lead),Carol-Ann Tucana (Lead) +,Marshall JVM (OD2 Green),Marshall JVM (OD2 Green) +,Revv Gen (Red 2),Revv Gen (Red 2) +
fm3,353,Chris Traynor GoT FM,Clean,Dirty,Solo,More Than Machines,,,,
fm3,354,Clay Cook ZBB (Strat),Clean,Straight,Drive,<mute>,,,,
fm3,355,Cooper Carter GoT,Sound,...on Sound (Clean Lead),...on Sound (Big Lead),EJ ACL Hold Delay,EJ ACL Clean Intro,"""EJ ACL""",,
fm3,356,Dante F GoT,CLN CHORUS,5150 DIRTY,FAT LEAD,CLN+DRY,THICC RHY,OCT DOWN,LEGACY RHY,AMB CLN
fm3,357,Fluff Drggd UndR JVM FM3,BIG RTM,CLEAN,OCTO,LO FI,DIRT,CRUNCH,WHAMMYYY,
fm3,358,Fremen's ODS GOT FM3,Clean,Pushed,Humble,Humbler,Humblerer,Full OD,Klon,Zen Master
fm3,359,FSM GoT,Clean Ambient,Clean,Rock Rhythm,Rock Lead,Lead Cirrocumulus,Classic Rock,Clean Dotted 8ths,Clean Ambient Plex
fm3,360,Gary Cain FM3 v10,clean,drive 1,drive 2,drive 3,,,,
fm3,361,Guthrie Govan GOT (1) FM3,MAIN,SYNTH,SOLO,,,,,EXT 1 Seq Wah
fm3,362,Hevy Devy,Clean,Breakup,Grit,Grit + FX,Heavy,Epic,Solo,Synth
fm3,363,James Valentine Live,JV CLEAN,DUMBLE,FRIEDMAN,ODS LEAD,MESA LEAD,ANDY CLEAN,AMB CLN,VIBE (PDL2)
fm3,364,Javier Reyes GoT,Rhythm,Slap,Lead,Clean,Open Rhythm,Down Oct,Wet Slap,Crystals
fm3,365,Justin Derrico GoT FM3,CLEAN,SHIVA,SHIVA LEAD,JMP LEAD,---,---,---,---
fm3,366,Larry Mitchell Sideman FM3,1 Pure (Wah),2 Tremolo (Depth),3 Plexi     (Wah),4 Rain Mono,5 Space    (Space Volume),6 lead,7 Reverse (Octa Fuzz),8 Rain Stereo
fm3,367,Leon's Live FM3 v10,CHUNK,LEAD,DELAY,WOBBLE,LOFI,UNDULATOR,GUNK,ROCKGUY CLEAN
fm3,368,Lifeson GoT FX,Chorus Clean,Wet Rhythm,Stereo FX 1,Xana Dude,YYD ..lay,Modern Day Slapback,Syrinx Echo,Hemisflange
fm3,369,MF Gift of Tone FM3,Lead,Crunch,Clean+,Lead Wha,Rhythm +,Clean Space,Clean Shimmer,Fanton Lead
fm3,370,Mark's Day's Recto 27,Crunch,Rhythm Dirt,Mother Intro,DELAY,SOLO,SPILL,Phase Solo,Clean
fm3,371,Neal Schon GoT,GREEN,ORANGE,RED,REVERSE LEAD,---,---,---,Ext1: Wah; Ext2: Wet FX
fm3,372,Periphery Jake GoT,Rhythm Loose,Rhythm Med. Tight,Rhythm Very Tight,,,,,
fm3,373,Periphery Mark GoT,Glitch Clean,Comp Clean,Bright Verb Clean,Bright Clean,,,,
fm3,374,Periphery Misha GoT,Misha Mansoor Rhythm Tone,Misha Mansoor Lead Tone,Misha Mansoor Clean Tone,,,,,
fm3,375,Pete-a-Palooza FM3,Pete Plexi,Studio Clean,Blues Solo,Pete CCV Metal,,,,(From Pete Thorn's Preset Pack)
fm3,376,Phil Collen GoT,Photograph Rhythm,Photograph Chorus,Photograph Lead,,,,,
fm3,377,Steve Stevens Rebel FM,Main (Ext 1 = Wah),Solo Wah (Ext 1),Solo Raygun (Ext 1),,,,,(DL Steve's IRs too!)
fm3,378,Tim Pierce GoT,CLEAN,ClnBoost,CleanBoostDarkDelay,SoloDrkDly,ClnW/Chorus,CleanBoostDlyREV,,EuroBlueTP
fm3,379,Tosin Abasi GoT,Clean,Rhythm BE,Lead 2,,,,,
fm3,380,Vai FX GoT FM3,Lead + Dly 1,Lead + Dly 2,Lead + Dly 3 brighter,Lead + Dly 4,Cln 1,Cln 2,Cln detune,Ballerina
fm3,381,Electric + Acoustic,Both,Electric,Acoustic,,,,,
fm3,382,Out1:FOH Out2:Cab,,,,,,,Use the GEQ,to tailor Cab sound
fm3,383,BYPASS,,,,,,,,
fm9,0,59 Bassguy,Crunch Bright,Cranked Bright,Jumped,Lead FX,Rotary,Dry Bright,Dry Normal,Dry Jumped
fm9,1,65 Bassguy,Normal,Bass,Normal FX,Bass FX,Normal Drive,Bass Drive,Normal Dry,Bass Dry
fm9,2,Vibrato Lux,Trem Off,Trem On,Drive + FX,Rotary Pedal,Comp Pre,Comp Post,Drive > Comp,Dry
fm9,3,Deluxe Verb,Normal,Vibrato (Trem Off),Vibrato (Trem On),Full OD,Fuzz,Comp'd Dry,Roto Verb,Dry
fm9,4,Double Verb,Silverface,Normal,Vibrato Ch. (Trem Off),Vibrato Ch. (Trem On),Comp Chorus,Slow Trem Big Spring,Timothy Drive,Dry
fm9,5,A-Class 15,Cleaner,Crunch,More Delay,Boosted,Phase Trem,Roto,Comp Chorus,Dry
fm9,6,Class-A 30,Brilliant,Cranked Brilliant,HOT,Old Top Boost,Delay Pre,SDD Pre,Dry Brilliant,Dry Cranked
fm9,7,Prince Tone,5F2,AA964,Reverb,Verb Trem,5F2+Drive,Colortone,Vibe FX,5F2 Dry
fm9,8,Plexi 50W,6550,High 1,High 2,1987x,6550 Dry,High Dry 1,High Dry 2,1987x Dry
fm9,9,Plexi 100W,High,Jump,1970,1959SLP Treble,High Dry,Jump Dry,1970 Dry,1959SLP Dry
fm9,10,Brit 800s,2203 High,2204 High,Mod,Leon's #34,Studio 20 Cool,Studio 20 Hot,2203 Low Clean,2204 Low Clean
fm9,11,Hipower,Normal,Brilliant,Cranked Brilliant,Boost +FX,Boosted + Cranked,Phase+Delay,"Normal, Dry","Dry, Fat Cab"
fm9,12,USA Mk IV,Clean,Rhythm Fat,Lead Bright,Mid Gain,Clean Comp Chorus,Rhythm FX,Drive Lead Brt,Lead Mid FX
fm9,13,USA IIC+,IIC+ (cab A),IIC+ (cab B),IIC+DP (cab A),IIC+DP (cab B),IIC++ (cab A),IIC++ (cab B),IIC++ (cab C),IIC++ (cab D)
fm9,14,Recto 1,Orange Normal,Orange Modern,Red,Orange Scoop,Orange Normal Lead,Orange Modern Lead,Red Lead,Dry Orange Dark
fm9,15,Recto 2,Orange Vintage,Red Vintage,Orange Modern,Red Modern,Driven Orange,Driven Red,Driven Orange,Red lead
fm9,16,Euro,Blue,Blue Modern,Red,Red Modern,Red Lead,Blue Mod Dry,Red Mod Dry,(CS#1 = Input Boost)
fm9,17,AC-20 Deluxe,12AX7 Treble,12AX7 Bass,EF86 Treble,EF86 Bass,Delay>Amp,Amp>Delay,Shimmer,EF86 Treble Dry Comp
fm9,18,Shiver,Clean,Clean Bright FX,Straight Lead,Drive Bright Lead,Clean Chorus,Lead MTD,Clean Dry,Lead Brt Dry
fm9,19,Vibrato-King,Normal,Normal Trem,Fat,Trem Fat,Fat Boost,Roto Verb,Dry,Fat Dry
fm9,20,Euro Uber,Dry Scoop,Room Balanced,Boosted,Micro Shift,Enhancer,Flanged,,
fm9,21,Solo 100,Clean Comp,Crunch,Lead,Clean FX,Lead FX,Clean Dry,Crunch Dry,Lead Dry
fm9,22,Super Verb,Normal Brt,Vibrato (No Trem),Vibrato (Trem),Vib Ch Gained up,Boost-Comp Crunch,Normal Dry,Vibe Ch. Dry,Gained Dry
fm9,23,Friedman BE-100,BE V3,BE V2,BE V1,BE V1 Fat,BE 2010,BE C45,,"Cab A V30, Cab B GB"
fm9,24,Friedman HBE-100,HBE V3,HBE V2,HBE V1,HBE V1 Fat,HBE 2010,HBE C45,,"Cab A V30, Cab B GB"
fm9,25,Champlifier,5F1 Tweed,5F1 EC Tweed,Verb,Trem,Slow Phase,ACB,,
fm9,26,Tremolo Lux,Trem Off,Trem On,Gained Up,Gained Roto,Comp Crunch,Dry Big,Dry Bright,
fm9,27,5153 +Stealth,Clean Green 100,Blue,Red,Blue 50W,Stealth Green Crunch,Stealth Blue,Stealth Red,Red Lead FX
fm9,28,Concert 6G12,1x12,Jam Ray,BB Pre,Sunrise Drive,Tri Fuzz,2x10,2x12,"Try All Blocks, All Channels"
fm9,29,Mr. Z 38,Gain 2.5,Gain 4,Gain 8,Comp Clean,Comp Crunch,Drive Lead,Dry Clean,Dry Crunch
fm9,30,Wreckers,Rocket,More Rocket,Liverpool,Liverpool Bright,Liverpool Lead,Flange Lead,Rocket Dry Comp,Liverpool Dry Comp
fm9,31,Angle Severe,Channel 1,Channel 2,"Ch 1, CC Boost",Rhythm FX,Flange Lead,Ch 1 Dry,Ch 2 Dry,[By Fremen]
fm9,32,Spawn Q-Rod OD-1,OD1-1,OD1-2,OD1-3,1 Dry,2 Dry,3 Dry,,
fm9,33,CA3+,Clean FX,Rhythm Bright,L.A. Lead FX,Clean Comp,Rhythm Dry,Rhythm Fat Dry,Lead Dry,Crunch->Clean
fm9,34,FAS Lead 1+2,Classic Ld 1,FX Ld 1,Octave Ld 1,Phase Ld 1,Classic Ld 2,FX Ld 2,Octave Ld 2,Phase Ld 2
fm9,35,Tucana,Clean,Clean FX,Rhythm,Drive Rhythm,Lead,Dark Drive Lead,Clean Dry,Lead Dry
fm9,36,FAS Modern,Darker,Brighter,Precision,Dimension FX,Dry Bright,,,
fm9,37,Das Metall,Das Metall,Grinder Boost,Farfegnugen 2,Thumpcrusher (MBC),Crusher+Gate,,,
fm9,38,ODS-100,Clean,Ford 1,Ford PAB,Ford Mid-Boost,Tasty Pre +Room,King OD,Chorus Slap,PAB Dry
fm9,39,The Brown Sound,by Burgs (Ext 1 = Tape Drop),Atomica,50W 6CA7,100W Jumped,1959 Treble,SC20H (Studio 20W JCM800),50W High1,100W High
fm9,40,Buddah Duomaster,Cleaner,Crunch,Clean FX,Lead FX,Dry,,,
fm9,41,Matchbox Chiefman,1,2,Pedals Out Front,Post FX,Dark Amp Drive,Dark Amp Overdrive,Clean Comp Verb,1 Dry
fm9,42,Supertweed,Pulled,Pushed,More,Superfuzz!,Ring Octave,Deep Slow Phase,Enhancer,Dry Pushed
fm9,43,Brit JVM OD1+2,Green 1,Orange 1,Red 1,Cranked Red 1 FX,Green 2,Orange 2,Red 2,Orng2 Post FX
fm9,44,Div 13 CJ,Pure Clean Comp,Edgy,Boosted,Light Klone,Hot Amp,Heavy Drive,Rotochorus,Beauty FX
fm9,45,Blanknship Leeds,Dry,Light FX,Middy Fuzz,Parked Flange Fuzz,Ring Octave Fuzz,Exotica Grind,Slow Roto,Dry
fm9,46,Supremo Trem,1x12 Crunch,1x12 Crunch Trem,1x12 Cleaner,Clean 1x15,Crunch 1x15,Fuzz 1x15,Phase Trem 1x12,Dry 1x12 Crunch
fm9,47,Citrus RV50,Crunch,Driven,More Gain,Cranked,Sonic Drive,Lead FX,Dry Drive,Dry More Gain
fm9,48,Carol Ann OD-2,Classic,Slap+Verb,Sweet Singing,Slow Vibe,Foxy Flange,Vibery Chorus,Rotary Pedal (Ext 1),Dry
fm9,49,JM45,Cleaner,Crunch,Hot,Jumped,Bender Fuzz,Lead FX,Jimi-esque,Wooly Fuzz
fm9,50,Hot Kitty,Hot,Hotter,Pedal Drive,PolyOctaLead,L.A. Rhythm,Nice Middy Solo,Dry Rhythm,Dry Comp Clean
fm9,51,Two-Stone J35,1 J35 PAB,2 J35,Short Slap + Verb,Boost Lead,Touch Wah,Rotary Pedal (Ext 1),1 Dry,2 Dry
fm9,52,Spawn Nitrous,Ch 1,Ch 2,Dry 1,Dry 2,OD Gate 1,OD Gate 2,Wide FX,Wet FX
fm9,53,Brit Silver,Gain 5,Gain 7.5,G5 Hi Master,G7.5 Hi Master,Loud Lead,5th Lead,Mu Tube Post Comp,G5 Hi Dry
fm9,54,Herbie,2-,2+ Mids,2+ Scooped,3,2+ FX,3 Modern Comp,Lead FX,2+ Old Cab
fm9,55,Dweezil's Bassguy,Less,More,Dark,Comp Fuzz 1,Comp Fuzz 2,Vibe FX,Fuzz Dynaflanj,Dry
fm9,56,Ma the Meatloaf...,Original Recipe,Dark Gravy,Microshifts,Dark Gate,Lead FX,Bigger Bottom,Loose Low,ML Cab
fm9,57,5F8 Tweed,Clean Bright Comp,Breakup Bright,Crunch Normal,Jumped,Drive Normal,Plump Chicken,Bright FX,Breakup Dry
fm9,58,Atomica,Channel 1,Channel 2,Ch 2 Boost,Ch 2 Lead,Clean FX,Ch 1 FX,Ch 1 Dry,Ch 2 Dry
fm9,59,Deluxe Tweed,Cleaned Up,Bright Gain,Dark Rhythm,Jumped,OD Lead FX,Fuzz Lead FX,Dry Cln Comp,Bright Dry
fm9,60,Dirty Shirley,1,2,Hot Lead,1 Dry,2 Dry,OD Dry,,
fm9,61,Fox ODS,Normal,Bright,Mid,Mid Bright,Tone of Kings,Vibey Delay,Normal Dry,Mid Dry
fm9,62,Nuclear Tone,Cleaner,Trem Verb,Gainy,Color Drive,No Trem,Atom Plex,Dry,Dry Gainy
fm9,63,6160s,Block Crunch,Plus Crunch,Crunch Bright,Plus Lead,Processed,Sidechain Gate,Lead FX,Brite Tite Wide
fm9,64,Archean,Clean,Lead,Lead Bright,Lead FX,Clean Brt FX,Clean Dry,Lead (cab D),Lead Brt (cab D)
fm9,65,Spawn Q-Rod OD-2,OD2-1,OD2-2,OD2-3,1 Dry,2 Dry,3 Dry,Tight Gate,Stereo Lead
fm9,66,Wrecked Express,Cleaner,Normal,Bright,Lead FX,Mod Flange Lead,Dry,Dry Bright,Dry Legacy
fm9,67,Brit Pre,OD1,OD1 Bass Shift,OD2,OD2 Bass Shift,OD2 Lead FX,Clean 1,Clean 1 FX,Clean 1 Bass Shift
fm9,68,Badger 18,Cleaner,Cool Crunch,Hot Crunch,Drive Lead,Comp Slap,Crunch Slap,Cool Dry,Hot Dry
fm9,69,Brit AFS100,Mode 1,Mode 2,#34,Greasy Mode 1,Thick Mode 2,Scary #34,Slashed Jube,Chewy Slashed Jube
fm9,70,Dizzy VH4,Channel 2,Channel 3,Channel 4,Grindy Ch4,9999 Days,Sweet Lead,BFG Fuzz,"Big Amp, Small Cab"
fm9,71,Bassman About 2 Explode,Any Sec...,KRA-KA-THOOM!,Octave Fuzz,Fuzz on Fire,Literally Call 911,,Legacy Cab,Dry
fm9,72,Band Commander,Hall,Room,Comp Slap Room,Trem,Big OD,Dry,Dry Darker,Dry Boost
fm9,73,ODS-100 HRM,Classic,Hot Touch,Phat,Rotary,OD Boost,OD Boost Mid,Clean 1,Clean 2
fm9,74,Vibrato Verb,AA,AB,Custom,AA Trem,AB Trem,Custom Trem,Damage Nexus,AB Dry
fm9,75,Texas Star,Clean,Lush Clean FX,Blue Delay,BBAT > Clean,King Tone,Solo OD > Clean,Lead Channel,Lead FX
fm9,76,Jumped Plexi,4:4,5:3,6:6,8:6,Screamer,Detune,MBC Tamer,Dry 5:3
fm9,77,Studio Leads,2025,'25 FX,'25 FX+CMP,2022,'22 FX,'22 FX+CMP,25 Dry,22 Dry
fm9,78,Dee Cee 30,Clean,Crunch,Drive,PF FX Crunch,Harmono Stereo,SDD Pre,Roto,Driven Dry
fm9,79,Whole Lotta FM9,EQs as Cab,Classic,Delay,Fuzz Face,Ten Years Cleaner,Jimmy Phaser,Ring Octave,Dry
fm9,80,Fuzz Tweed,PI,Face,Super,Revolution,Hard,Russian,Maestro,Face 4K+Bender
fm9,81,Hell's Glockenspiels,Verb,Drive Pedal,Dry,,,,,
fm9,82,Petrucci Rig 2025 FM9,Crunch Me Under,Our New Chorus,The Miracle & the Clean Chorus,Learning to Lead,Leads in the Sand,In the Presence of Leads,Count of Flanger,Crunch Me As I Am
fm9,83,Solo 88,Clean Comp,Rhythm,Lead,Chainsaw,Clean FX,Clean Dry,Rhythm Dry,Lead Dry
fm9,84,Comet Concourse,4x12 TV,4x12 Rumble 12L,2x12 Lead,1x12 G12T,Rumble Fire,TV Dry Punch,Rumble Dry Punch,Driven 1x12 Dry Punch
fm9,85,Try Axes 28,Clean FX,LD2 Green,LD2 Yellow,LD2 Red,LD2 Red Lead FX,LD2 Green Cali,LD2 Yellow Cali,LD2 Red Cali
fm9,86,Cameron CCV,1B,2A,2C,2D,Tight Wide,Phase Delay,Symphonic,2A Dry
fm9,87,Capt Hook,1B,2A,2B,3B,3B Lead FX,1B Dry,2B Dry,3B Dry
fm9,88,JS410,Crunch Orange,Crunch Red,Lead Orange,Lead Red (Alien Surfing),Golden Whammy Lead (Ext 1),Flange Hollow Lead,Crunch Dry,Lead Dry
fm9,89,Corncob,Dialed Down,Drives on Five,Hotter,Power Amp Push,5/5 Lead,Drives 5 + Drive!,5/5 Dry,5/5 Legacy Cab
fm9,90,Bludojai,Clean 1x12,Lead 1x12,PAB Lead 1x12,FET PAB 1x12,Clean 2x12,Lead 2x12,PAB Lead 2x12,FET Lead 2x12
fm9,91,JM45 Blues,Warm Amp,Warm Trem,Driven Warm,Boosted Drive,Hot Amp,Driven Hot,Warm Dry,Hot Dry
fm9,92,JR Blues,Normal Cleaner,Normal Gainy,Fat,Fat Cranked,Klone Fat,Slight Boost +Pedals,LED Drive Lead,Comp Dry
fm9,93,Triptik,Clean,Classic,Modern,Modern Scoop,Fat Lead FX,Clean FX,Klon Trem,Classic Dry
fm9,94,FAS Originals,FAS Hot Rod (TV),FAS Rhythm (TV),FAS Express (TV),FAS Wreck (TV),FAS Rhythm (2x12),FAS Express (1x12),FAS Wreck (2x10),Hot Rod Dry
fm9,95,EJ Clean,Classic,Wetter,Breakup ACL FX,Comp Boost,Delay Hold ACL (Ctrl Sw 1),,,(Scenes 2-5 Cooper Carter)
fm9,96,Who's Next? FM9,Classic,Baba 1 (Make a Loop),Baba 2 (Auto Trills),Baba 3,Who Are You (Arp),Who Are 2 (Pre Direct),Classic Dry,Console Direct Dry
fm9,97,Thick and Chunky,Rhythm,Screamer,Drive Detune,Lead,Dry,,,
fm9,98,Jazz 120 FM9,Normal Split,Bright Split,Normal Vibe Split,No Chorus,Bright Split Wider,3x Mod FX,Dual Chorus,80s Pop FX
fm9,99,Studio Cleans FM9,Detuners,Tri Chorus,Quad Chorus,Wall Delay,Quad Tap,Aerosol,Plasticky,Comp Dry
fm9,100,Solo 99,Clean,Lead,Bright,LA Clean LT,Grease,Thick Lead,Clean Dry,Lead Dry
fm9,101,Triple Crest,Clean,Low Gain,High Gain,High Gain Tight,Lead FX,Chorus Tight,Low Gain Comp Dry,High & Dry
fm9,102,Djentlemanly,Classic,Bulb's Judgement,BJ FX,FAS 6160,Raw Amp,,,
fm9,103,Leon's Djent Bass 28,Gargantuan (Active),Godzilla (Active),Pestilence (Active),Event Horizon (Active),Gargantuan (Passive),Godzilla (Passive),Pestilence (Passive),Event Horizon (Passive)
fm9,104,Citrus A30,Clean Ch,Dirty Ch,Dirt More,Shred FX,Dot 8th>Amp,Dry Clean Comp,Dry Dirt,Dry Dirt More
fm9,105,Ruby Rocket,Cleaner,Normal,Bright,Hot Chime,Crunch Chorus,Hot Blues,Rotary Grind,Normal Dry
fm9,106,Machine Gun,Polite,Filmore,Fuzz Vibe,Octa Vibe,Just Wah,Dry,Polite Dry,(Ext 2 = Backwards)
fm9,107,Bogfish,Brown,Strato,Scooped,Multidelay,Brown Dry,Strato Dry,,
fm9,108,Limelight FM9,Tight Gate Intro,Riffage,Clean Over Crunch,Solo,Exit FX,,,
fm9,109,Glass Leads,Original (GB),Mimicry (GB),Coliseum (GB),Dry (GB),Original (V30),Mimicry (V30),Coliseum (V30),Dry (V30)
fm9,110,Revv Gen Purple,Rhythm 1,Rhythm 2,Crunch,Lead,,,,Preset by Fremen
fm9,111,Get Your Kicks,Original,Zen Lead,Trem Pedal,Dry,Cleaner Comp,Cleaner Chorus,Cleaner Rototouch,Cleaner Dry
fm9,112,Metro Blues,Cool,Warm,Hot,Clean FX,Comp Combo,DS Lead FX,DS1>Clean,Dry
fm9,113,USA Mk V,Green Clean,Red XT,Red MKIV,Red IIC+,Green FX,XT FX,IV FX,IIC+ Dry Side Gate Wide
fm9,114,Deluxe Tapes 28,Mono,Stereo,Stereo Squash,Phase 45,Post Trem,FET Pre,Roto Pedal,2 Amps Dry
fm9,115,Destructive Appetites,Original #1,Original #34,A.F.D. Edo,Jungle Edo,U.Y.I. Edo,#1 Dry,#34 Dry,Scenes 3-5 by Edosounds
fm9,116,So Many Roads,Classic,OD,Dry,,,,,
fm9,117,Citrus Terrier,Tiny,Scooped,Micro,Dry Tiny,Dry Scooped,Dry Micro,,
fm9,118,Jim & Leo 28,Straight,808 Left,FET right,808 / FET,Both Boosted,Comp + Drives A+C,Wide Chorus,Amps Turned Up
fm9,119,Cork Sniffers,Ford PAB,Ford PAB Mid,HRM,HRM Mid,Ford PAB Dry,Ford PAB Mid Dry,HRM Dry,HRM Mid Dry
fm9,120,Still Blue,Cranked 1959,1959 OD,Cranked 45,45 OD,Dry 1959,Dry 45,,
fm9,121,MF Euro,Lead,Rhythm,Clean+,Lead 2,Rhythm+,Clean Space,Clean dry,Space
fm9,122,Small Box,4x12 V30,4x12 Greenback,1x12 G12T-100,1x4 Pig,Boost Detune V30,V30 Dry,GB Dry,1x4 Pig Dry
fm9,123,Message on the Moon,Castaways,De Do Do Delay,Collapsing Cloud,Volume Pedal (Ext 1),Life in my Hole,Vintage Roxy,More Muscule,Driven Solo
fm9,124,Sultans,Classic,Compressed,Boost,No Time FX,,,,
fm9,125,Money for Something FM,Intro,Main,Delay,Less Resonant,Dry,,,
fm9,126,Plexis+ACs,Jumped & 30W TB,6CA7 & 15WTB,2204 & Citrus,100W & D-30,S1 +OD,S2 +OD,S3 +OD,S4 +OD
fm9,127,Dual Rack Pres 28,Black and Gold,Black and Brit,Black and Brown,Silver and Gold,Silver and Black,Gold and Brown,Rack FX B,Rack FX B
fm9,128,Galaxy Formation,Galactic,100% wet,100% + OD,31 Seconds,,,,
fm9,129,Brett's AC-20,Clean,808,Chorus,Cranked (Treble Boost),Face Fuzz,EF86 Vibe,PanDLY,Rotary (Exp. Ped.1)
fm9,130,Cliffs of Dover,Brighter,Darker,,,,,,
fm9,131,Vibrato Pedals,Whatsacraft VB Fast,VB Slower,Chorovibe Fast,Chorovibe Slower,Stereo Post Fast,Stereo Post Med,Stereo Post Slow,Vibe on Vibe
fm9,132,Eruption,Phaser,+Frown EQ,+Variac,+EQ +Variac,Drop to Eb,+Variac,Eb +Variac,Dry
fm9,133,Mutro Funk,Clean Funk,FX Funk,Wet Crunch Funk,Dry Crunch Funk,Drive Octafunk,Mystery Funk,HPFunk,Ext 1 Funker
fm9,134,Celestial Reverbs,Andromeda,Pegasus,Aquarius,Centaurus,Post Trem,Chorus Comp,SDD Celestial,Slow Flange
fm9,135,Jet Flangers,Classic,Mono High Range,180* High Range,Giggle Stick,,,,
fm9,136,TZF Flanger,Total Cancel,Default Zero,Zero Pedal (Ext 1),,,,,
fm9,137,Diatonic Triads,C Major / A minor,G Major / E minor,D Major / B minor,A Major / F# minor,E Major / C# minor,F Major / D minor,Bb Major / G minor,Eb Major / C minor
fm9,138,Black Holes,Cygnus,Drive,Phased (Ext = Rate),Time Warp (Ext 1),Mute In,Mute Out,,
fm9,139,Dual Detune Delay,400ms xFB,Halo,Circular,Slaptune,1 + 2290 Chorus,2 + Ursa Major,3 + 2290 Chorus,
fm9,140,Enumerating Ravens,Delay,Delay off,,,,,,
fm9,141,Introspections,Classic,Whimsy,Denial,,,,,
fm9,142,Flange the Echoes,Stereo Jet,Analog Stereo,Pop Flanger,BBF-2,,,,
fm9,143,Meet the Cytherians,Classic,Reverse,Chorused,No Reverb,,,,(Try Harmonics!)
fm9,144,Jeff Gets Ready FM,Clean,Driven,,,,,,
fm9,145,Emerald Oceans FM,2025,Sunlight Underwater,Deeper,,,,,ADSR1 = Swells
fm9,146,Plex Verb 8 FM,Clean 1,Clean 2,Random Mod,Dirt 1,Dirt 2,Dirt 3,Rockguy,Preset by Leon Todd
fm9,147,Crawling in the Dark,All FX,Flanger,Phaser,,,,,
fm9,148,Andy's Woodshed Lead,Lead,TS9,Octave Dist,Phased,Flanged,Roto Speaker,Dry,Gainy Dry
fm9,149,Simeon's Plexi 100w,Rhythm,Lead,Wet,,,,,
fm9,150,Smokey Jazz,Reverb,Chorus,Dry,,,,,
fm9,151,The Infield,Cleaner,Crunchier,Lead,,,,,
fm9,152,Velvet Suns FM9,Lite FX,Full FX,Solo Over,Mute FX In,,,,
fm9,153,Lonely Heart,Classic Solo,Octaves,Downer,Big 5ths,Opening of a...,,,
fm9,154,Bl@de Runner FM,1983,2049,The End,,,,,Single Notes. See Perform-PP
fm9,155,Screaming Meanie,Ratty,5k Blocking EQ,4k High Block,,,,,
fm9,156,Fremen's 5153 All-in FM9,Rhythm,Crunch,Lead 1,Lead 2,Classic Cln,Classic cln + mod,80's clean,
fm9,157,Octoplex' Garden,Subtle,Bigger,Extreme,Roto-X (Ext 1= Rate),Filter Pedal (Ext 1),,,
fm9,158,Bassed On FM9,USA 400 Round,400 Brite,Fat SV,SV Grinder,Funktron,Gordon Character,Vintage Dist,No Cab (Out 2 = DI)
fm9,159,Barracuda,Main,Lead,CS1 Outro Syncopation,,,,,(CS1=Harmony in B-Section)
fm9,160,Dual Aceys,AB COMP,CLEAN LEAD,CB DOUBLE,DA DRIVE,DC LEAD,SPACE FX,BD PHUZZ,E-CHO-RUS
fm9,161,Touch LFO Filter,Miami Vice,Synchrosine,1/8 Saw,1/8 Sine,1/16 Saw,1/16 Sine,Use Perf PP for Envelope...,All 4 CONTROLLER channels used!
fm9,162,Poltergeist Pigs FM,Classic,Wails,,,,,,
fm9,163,Organics FM9,Clean,Dirty,Alt Pipes,Lon Chaney Lives,,,,
fm9,164,Brian Might,La Boheme,Big Echoes,Harmony (Cmi),Big 5ths,Big Rhythm,Hot Rhythm,,
fm9,165,Ric-O-Twelve,Mono,Stereo,Echo,Chorus,All FX,,,
fm9,166,Albert's Lead,Treb Boost,Boost off,Dry,,,,,
fm9,167,How Now is Soon?,Less,Slight Drive,Slight Chorus,Amp Only,Pulstation Only,,,(Short Silence Resets LFO)
fm9,168,Crystal Echoes,No Chorus,Classic,Forward Crystals,Extra Verb,ALL Verb,Kill the Dry,,
fm9,169,PolyOctaveGen Pedal,Gen 1,Gen 2,Gen 3,Gen 4,,,,
fm9,170,Dual Amp Dual Delay,Avant Garde,Golden Matrix,Ring Matrix,Phase Flipping,,,,(Use MASTER FEEDBACK)
fm9,171,U-Vibe and Rotary,All FX,Uni Only,Roto Only,,,,,
fm9,172,EkkoPlek JRs FM9,Vintage Noise (/1=Tape Speed),Modern Clone,More Mod,Mythical 2-Headed Mono,Simple Stereo,Dual FB Stereo,Cloud Stereo,Cloud Plex
fm9,173,Gated Verbs,Megatap Gate,Megatap Short,75 ms Stereo Verb,130 ms Stereo Verb,230 ms Stereo Verb,,,(Set Gate in Perf-PP)
fm9,174,MultiComp Plexi,No Drive,TS808,Octavia,,,,,(Try Amp Channels)
fm9,175,Bi-Amp Plexis,Bi-Amp,Hi Chorus,Bi-Drives,Bi Fuzz,Bi Fuzz Xtreme,,,
fm9,176,Divided by Burgs,Clean CJ,ODR-1 CJB,Chorus CJ,Chorus Dirt CJB,Face Fuzz CJB,FT37 Vibe,Pan Delay CJ,Rotary CJB (Ext. 1)
fm9,177,Satan's Hollow FM9,Classic,No Phaser,No Guitar,No Arps,No Synth Bass/Chords,,,
fm9,178,XF Esrever,YRD,Cissalc Regnalf,Egnalf GnoL,Resahp,Kcabpals,Brever,Esahp Egnalf Yaled,!Recnamorcen
fm9,179,Vertigo!,100% Width,200% Width,300% Width,400% Width,,,,Ext1=Pan Rate
fm9,180,Springs in Caves,Lost River,Carlsbad,Mammoth,Less Spring,No Cave,,,
fm9,181,Dream Sequences,Zzzzz,Flashback,,,,,,
fm9,182,DynamoFlanger,Drynamo,Dynamo,No Fuzz,Dy-no-mo,"Ny Dyn, No Fuzz",Magnum PI,,(Ext1 Wah)
fm9,183,Stereo Tape Delays,Default,Crinkles,Corroding,Mono>Stereo,,,,
fm9,184,Mystic Arps,Original Lazy Man,@2022,Magic! (Single Notes),Doubles,Parallel 5ths/8va,Mod Delay,Default Gmaj/Emi,Change Key in Perf-PP
fm9,185,Frenetica,,,,,,,,
fm9,186,Heavenly Echo,Echo-Pit-Verb,No Delay,All FX,Dry,,,,
fm9,187,Trem on the Tail,Tri Trem,Trapezoid Trem,Square Trem,Harmo-Panner,,,,
fm9,188,Funkdown,A3 Downer,+Slap,Fuzzer,Rotor,,,,
fm9,189,Quad Diatonic,Stretch Triads,Open 7th Chords,Sus4 add 9,"Close 7ths, 8va up, +Bass",(Play Low Mutes for...,...Instant Pop Harmonies),(Default Key Cmaj/Ami...,...Change Key in Perf-PP)
fm9,190,S/Hip Ahoy,Classic,Driven,+Delay 2,,,,,(Ext1=Wah)
fm9,191,Rubber Biscuit,,,,,,,,
fm9,192,FilteRING Funk,Freq 50%,Original,Freq 200%,Freq 400%,Pitch 5th,Chorus+Delay (Ext 1),Nasty Flute,Faux Bass No Filter
fm9,193,I'm Nationwide,Dry,Chorus,Delay,,,,,
fm9,194,Water Colors,Vibrant,Ripples,Droplets,Prismatic,Pure,,,
fm9,195,Mindful FM9,Begin,Shine,Touch Drive,Drive Shimmer,Harmonoflange,Harmono No Drive,More Shimmer,(Ext1=Hold Vrb 2)
fm9,196,Crystal Scion FM9,Classic,Flanged scions,Filtered (ext1),Flantered (ext1),Flant.+dry (ext1),,,
fm9,197,Band Delay Grooves,Groove 1,Groove 2,Groove 3,Groove 4,AutoFilter 1,AutoFilter 2,AutoFilter 3,AutoFilter 4
fm9,198,Rainbow Dash,Smooth,Crystals,Swirly,,,,,
fm9,199,Thick Choruses,Tri-Chorus,Dimension,Dual Dual Chorus,8-Voice,MTD Quad,,,
fm9,200,Adrenalflange,No Drive,Boost,Delay,Negative,,,,
fm9,201,Tracking Ringmods,0.5x,0.99x,0.33x,0.25x,Drive down,Drive high,Drive .99x,Drive Ring B
fm9,202,Starship Flanger,Mono Trooper,W.u.rm,,,,,,
fm9,203,Undulations 28,Trapezoid,Square,Saw,Touch = Rate,Touch = Sweep,S/H Phaser,No Plex,No Trem
fm9,204,Serenity Now!,Classic,Slow Descent,Slow Ascent,,,,,
fm9,205,Haunting Echoes,Echoes,Boost,Reverb Stack,,,,,
fm9,206,Rockabilly HotRod,Classic,Trem City,Go Cat Go!,,,,,
fm9,207,Ambient Swirl,Full Swirl,Delay only,Autoswell,Megatap only,Plex only,,,
fm9,208,Tumbleweeds,Classic,Plex Panner,No Chorus,,,,,
fm9,209,Lunar Eclipses,Umbra,Syzygy,Halo,,,,,
fm9,210,Detuned Wahs,Less FX,Full On,No Panning,,,,,
fm9,211,No Quarter 28,Auto Wah,Driven,,,,,,
fm9,212,Flanging Flankers,Both Flangers,Flanger 1 (Choral),Flanger 2 (Sweeping),,,,,
fm9,213,Width Chorus,Slight Crunch,Less Crunch More Mod,Slow Wobble,Wobble Crunch,+Echo,,,
fm9,214,Surf's Up,Trem + Verb,"Drv, Trm, Vrb",Verb Only,Trem Only,Dry,,,
fm9,215,Flippin' Switch,(LFO1=Rate),,,,,,,
fm9,216,High Landrons,4x12,2 4x12s,,,,,,
fm9,217,Wandering Delays,Delay,Delay off,Detune off,,,,,
fm9,218,Heavily Processed,Everything,Enhance+Comp,Detune,Chorus,Frown Pre-EQ,Nothing,,
fm9,219,Boutique Battle,Both amps,L: ODS,R: Wrecker,+Klone Drive,,,,
fm9,220,Frogtones Irie,Low Voice,Mid Voice,Hi Croaker,Bullfrog,Frogless Waiomp,,,Ext 1 = Dub Echo
fm9,221,Nameless Streets,Studio,Live,Live +FET,,,,,Preset by EDOSOUNDS
fm9,222,Fat Solo Lead 2,Lead,CC Boost,Comp,CC+Comp,,,,
fm9,223,Rainy Nights IV,Rain,Rotary,Heavy,Heavy roto,All awash,Less rain,Cleaner,Dry No Trem
fm9,224,Crunchy Even in Milk,UK and USA,L: UK,R: USA,L: Drive,R: Drive,Double Drive,Full Effects,No Effects
fm9,225,Arpeggiator M@ness FM9,Basic (Bmi Single Notes),Greased,Trempeggio,Trempeggio & FX,Drive,Drive & FX,Drive Trem Delay,(Change Key in Perf-PP)
fm9,226,Class-A 30+15,Naked,Dyn Distort,Boosts,Comp +Boosts,2290 Stereo,Stereo Viber,Post Comp,Dry
fm9,227,Bond... James Bond,Dr. No,Skyfall,,,,,,
fm9,228,Synth Lineup FM,Zamfir,Taurus,Prog Duo,High Sine,,,,
fm9,229,Plexi Studio 20,Jumped,Treble,Normal,FX,Sonic Lead,Jumped> Comp,Normal> Comp,Normal Mid Boost
fm9,230,Bostonian FM,Smokin',Flanged Section,Single Track,Lead Delay,,,,
fm9,231,Choral Canyons,Less,More,Deeper,Driven,,,,
fm9,232,Touch Phase IV,Waouw Waouw,Talky,Double Mod,Rate Mod,,,,
fm9,233,8-Plex Gold,Golden Delay,Golden Detune,Golden Shimmer,Gold Harps,Chorused Delay,Zen Lead Detune,Swell Shimmer,Echo Harps
fm9,234,Disco Cleans,Mor Phase,Pedal Phase (Ext 1),+Delay,SPX Effect,Wah Baby,Bone Dry,Choruphase,Wah Delay
fm9,235,Pitchmod Pulse,No Echo,Sync Echo,Flanged Echoes,Doubletime,,,,
fm9,236,Sci-Fi Echoes,Plan 9,Auto-Swell,Warp 2,Beyond,Alt B,Alt C,Alt D,(Ext1 = Delay Motor)
fm9,237,Year of the City 2528,Plex A Original,Plex B 5ths,Plex C Unison,Plex D THX,,,,
fm9,238,Up/Dn Polypitch,-12/+12,+12/+7,-12/+12 FB,-12/+7 FB +Drive,,,,
fm9,239,Tape Driver,7.0,8.0,9.0,10.0,,,,
fm9,240,New Atmos,Classic,Exosphere,Troposphere,Quad Shift,,,,(Set ADSR Thresh in Perf-PP)
fm9,241,Twin Peaks Bari,-5 Drop,-2 Drop,-12 Drop,-1 Drop,,,,
fm9,242,Dual Amp Diatonic,A Major/F# Minor,E Major/G# Minor,D Major/B Minor,G Major/E Minor,C Major/A Minor,F Major/D Minor,Bb Major/G Minor,B Major/G# Minor
fm9,243,Fremen's Super Verb FM9,Vanilla,Scooped,Warm & fat,Edge,Plex Verb,Chorusplex,Boost 1,Boost 2
fm9,244,Horrorfest,Classic,Creepy,More Evil,Mountains of Madness,Dying (Mutes In),Dead (Mutes Out),Less,Ext 1 = Nerves
fm9,245,Wide E-plex 28,Just Echo,Harmonic Trem,Fast Chorus,Reverb,,,,
fm9,246,Funky Synth,Straight,Sub,Detune,Fast LFO,,,,(play single notes)
fm9,247,5-Octave Lead,Dry,Tight Delay,Cavern Verb,,,,,
fm9,248,Music Box FM,Sweet & Simple,Enhanced,Loop and Solo!,,,,,(C Maj; Change in Perf-PP)
fm9,249,Purple Flanger,Typical,Choralflange,Tuned Ringing (E<>B),Fixed Pipe,Stereo Hookup,,,
fm9,250,Mic Pre Slams,Nasty Tube,Too Hot to Tape,Fried FET,Burnt Vintage,,,,
fm9,251,Great Plains,Blowin',Whistlin',Roadhouse,,,,,
fm9,252,Panner Pedal,FX Center,FX Track,FX Opposite,Tape Flanging,Pre-FX,No pedal? No problem.,,(Ext 1 = Pan)
fm9,253,Capricorn 3,Classic,8-Plex,Slow Envelope,Vibe the Dry,Drive Pedal,,,
fm9,254,Ham & Cheez FM9,Drawbars 1,Drawbars 2,Drawbars 3,Peep Durple,Fisa Far,No Guitar,No Organ,ENV=Roto Rate
fm9,255,Triple Filter Funk,Aowwaah Drive,8va Aowaah,Clean Funk Echo,CF Echo Chorus,,,,(Adjust ADSR in Perf-PP)
fm9,256,Overcompressed,Squash the Reverb,Two Squashers,Crunchsquash,,,,,
fm9,257,Floating Swells,Low Gear (600ms),Mid Gear 1 (200 ms),Mid Gear 2 (100ms),Fast Gear (66 ms),Fast + Dot 8th Delay,Low Wandering Pan,Pedal Swell (Ext 1),(Set Thresh in Perf-PP)
fm9,258,Raja Drone FM9,A Mixo Drone,C Mixo Drone,E Mixo Drone,G Mixo Drone,Sitar Synth (No Drone),,(Set Thresh in Perform-PP),"'til your Gtr ""Zings"")"
fm9,259,Direct Injects,SSL Squash,Billie Jean,Slap Stereo,Detune,Mid Color,Hall Press,E.R.,Sync Echo
fm9,260,FM303,Funk Chirp Guitar,Funk Chirp No Gtr,Splat!,Splat Slap,Splat Echo,Driven,Drive Slap,(Ext1=Squelch)
fm9,261,By Your Command,Chrome Job,Base Star Flange (E),Hybrid Solo,,,,,Ext1=Whammy
fm9,262,Brittle Comp Rhythm,Dry,Side Plate,Vrb+Dly,Chopper TREM,,,,
fm9,263,Ping-Pong Pong-Ping,Hello 4/16,3/16 Pattern,Straight 8ths,7/16 Total,4/16 Trem,,,
fm9,264,Rotary Scenes,0.8 Hz Rate,3.5 Hz Rate,5.3 Hz Rate,8.0 Hz Rate,,,,
fm9,265,New Planets FM9,FM,Exo,Heavy,Diatonic Harmonic (A),,,,(Set Key in Perf-PP)
fm9,266,Home System,Solar Wind (Ext 1 = Drive),Solar Flare (Ext 1 = Filter),Solar Synth,,,,,
fm9,267,Scintilations,Square (Classic),Sine,Saw Down,Harmonic Sine,Square (No Dry),Sine (No Dry),Saw Down (No Dry),Harmonic Sine (No Dry)
fm9,268,Proggy Plex Filter,Synthy over Big Chords,,,,,,,
fm9,269,Traffic Jam,Classic,Detuned Descent,,,,,,
fm9,270,Katie's Song,Mono Chorus,Stereo Chorus,Dual Chorus,Tri-Stereo Chorus,,,,
fm9,271,Detuned Plexi,Dual,Quad,Dual Mod,Quad Mod,,,,
fm9,272,Night Creatures,>>,<<,,,,,,
fm9,273,Bad by Edo,Main (Live),Solo (Live),Main (Studio),,,,(Ext1=Plex),Preset by EDOSOUNDS
fm9,274,8-Voice Chorus,25% Wet,50% Wet,75% Wet,100% Wet,,,,
fm9,275,Dual Clean,Verb+Chorus,Ambient,Dry Compressed,,,,,
fm9,276,Seq and LFO Wahs,Sequencer Wah,LFO Wah,Both in Series,Wahs Off,,,,
fm9,277,No-Synth Synth,Pitch Env,Lo Trig+Sus,Hi Trig+Sus,"Lo, 2 Pole","Hi, 2 Pole",Touch Wah 1,Touch Wah 2,(Ext1=Modulation)
fm9,278,New Country,Modded Comp Pedal,Enhancer,Slap,Boosted,Clean Crunch Split,C/C Trem,,
fm9,279,Echo Deva 28,Crinkle Delay,Wide Crinkle,Wide +FETs,Wide Dual Chorus,Foreverator,Phaseverator,FETeverator,(ext1=More FB)
fm9,280,Virtual Capo,-1,-2,-3,-4,,,,
fm9,281,Pre+Post Tape Pedals,A+D,B+A,C+C,A+B,A+A,B+A,D+D,A+C
fm9,282,In a Fixx,One Scene,Another,,,,,,
fm9,283,Uber Chuggas,Ball Recto,Screaming Ball Recto (S.B.R),Hi Cut S.B.R.,Scooped S.B.R.,Scooped Raw,,,
fm9,284,L.A. Session Clean,Voice 1 (Hi),Voice 2 (Mid),Voice 3 (Low),Voice 4 (Warm),Super Detune,,,
fm9,285,'63 Tube Spring Verb,Sweet,Roto Pedal,Vibrato Pedal,Trem Pedal,Triplet Delay,Drive,All Wet,Two Comps
fm9,286,Yngwie by FSM,Raw Fury,Delay A,Delay B,PEQ,,,,Thanks to FSM
fm9,287,Rhythm Tap,Straight,Chorus,Stacatto Trem,Loft Flanged,Flange Drive,,,
fm9,288,Run like Heck FM,Rhythm,Rhythm alt.,Intro,Lead,,,Use with Telecaster !,Preset by Fremen
fm9,289,1967 All Over Again,Bass Ackwards,Trippy Flange,Psycho-Panning,No Vibe,No Reverse,,,(Ext1=Change Directions)
fm9,290,M@-o-spheres FM9,Warmth,5th Plex,Twinkle Plex,Eno Pedal (Ext1),Just the Sky,Just the Stars,Resonant,All Hall
fm9,291,Rotary Tapeverb,Smooth,Discrete,,,,,(Ext1=Tape Speed),Tapeverb by Simeon
fm9,292,Fly By Night,Main,Bridge,Lead,,,,,(Also try Amp 1 Ch B)
fm9,293,Harmonic Feedback FM,Ext 1 Overtones,Ext 1 Major OT,Ext 1 Hi Triad,Ext 1 Emi Diatonic,,,,
fm9,294,Jeff & Jan FM,8va Spitty Fuzz,Unison Overdrive,Ring + Harmony,DynaHarmo (Ext1: E Dor/Mixo),Jeff,Jan,,
fm9,295,Later Eddie,Detuned,Inverse EQs,Phase+Detune,-1/2 step,,,,
fm9,296,PCM70 Hall,Classic,Slow Trem,Electric Mystery,Lead,Lead + PCM Delays,,,
fm9,297,Mr.Gilmour Lead,No Mod,Slow Roto,Vibe,Face Fuzz,Pi Fuzz,Whammy (Ext 1),,
fm9,298,Soundtrack,Classic,eyeMax,eyeMax 3D,No Autoswell,,,,
fm9,299,Plate Collection,Vocal Plate,Sun Plate,London Plate,Abbey Plate,Compressed Plate,,,
fm9,300,Juicy Lead,Delay,Delay off,OD off,,,,,
fm9,301,Ganymede 9,"Autoswell (""AS"")",AS Extra Echoes,AS Flanged,"Pedal Swell ""PS"" (Ext 1)",PS Extra Echoes,PS Flanged,,
fm9,302,Forty Miles,Delay,Delay off,,,,,,
fm9,303,Blitz III,"PEQ, No Drive",PEQ (Darker),GEQ1 (Legacy Preset),GEQ 2 (Alt),GEQ3 (Scoop),,,
fm9,304,Beef Supreme,Air Dried,Chopped,Seasoned,Stewed,,,,
fm9,305,Shoegaze Fuzz,2x Fuzz,Phase Fuzz,Delay>Fuzz,Phase>Delay>Fuzz,PI out front,One Lonely Fuzz,Then there were none,Pi Dry
fm9,306,Pedalboard Deluxe,Dotted 8th Delay,DRV/DLY,CP/PH/DL,CP/TR/DL/RV,Chorus,Flanger,Rotary,All on
fm9,307,Diamonique Rain,Ice crystals,Warm showers,Ice crystals 2,Warm showers 2,Diffused,Occult,Swells,Detuned Swells
fm9,308,Chugnuts,Thor's Hammer & Saw,Thunder & Mischief,RectAngle,Red Skull Crusher,MIII+6160,Brighter Cabs,Less Gainy,
fm9,309,East Wes,All FX,Comp Off,No Delay,No TIme FX,Dry Amp,,,
fm9,310,Bayou Country,No Trem,Tremolo,Blues Drive,Hot Drive,Hotter Drive,,,
fm9,311,Promethean WV,LPF Classic,Shimmery,Bandpass,LPF x2,Touch Sense,No Filters,,
fm9,312,Ned Beatty,Dry,Delay,Dly+Vrb,,,,,(ext1=Wah)
fm9,313,Sea of Tranquility,Clean,Gritty,Stratocumulus,Cirrocumulus,Nimbostratus,,,
fm9,314,A Kind of Dream FM9,C Maj/A min,G Maj/E min,D Maj/B min,A Maj/F# min,E Maj/C# min,F Maj/D min,Bb Maj/G min,Explore Pitch Channels!
fm9,315,Spandex & Hairspray,Dad Rock,80s Revisited,Hot Lead,Girthy Rhythm,NWOBHM,,,
fm9,316,Mutatron Bye-Phaser,Phase 180,Ext 1 Phase 180,Pedal Rate,Almost Mono,,,,
fm9,317,Scene Control Delay,Straight (dot 8th),More Feedback,L/R Head Ratio,Motor Speed,8th Notes,Sweet Spot,Tape Chorus,Simulated Vintage Hiss :-)
fm9,318,Shiva on the Rocks,Clean,Driven,Drive FX,,,,,
fm9,319,Heavy Harmonies,Raw 3rd,Screamer 3rd,Fat 5th,Octave,Maiden Soloing,(Try Power Chords!),(Default A min),(Set Key/Scale in Perf-PP)
fm9,320,Quad Series Delay,A,B,C,D,Effected,,,
fm9,321,Stone in Love,Intro (One Side),Main,Solo,,,,,
fm9,322,W@rped Vinyl 4 FM,78 RPM,Wish you were Twelve,Bad 33 RPM,24-48,Warp Only,78 Extra Noisy,,(Controls: Perf-PP)
fm9,323,1987 Clean,All FX,No Delay,Compressor Only,,,,,
fm9,324,Ambience Guitar,Start,Auto-Swell,Touch Filter,+Chorus,Pulsations,"All on, 1 Delay",Sequenced,Volume Pedal (Ext 1)
fm9,325,Circuitbenders,Actually Playable,Bad 9 Volt,Ringfoog,Bad Echo,Chatterbox,Broke Something,Everything Wrong,(Ext 1 = Make it Worse)
fm9,326,St. Death Fuzz FM9,Dual Hard Fuzz,Dual Face Fuzz,Dual PI Fuzz,Dual Super Fuzz,Mic Pre Cooker,Post Phasers,Power Shift,FIlter Pedal (Ext 1)
fm9,327,Fifths in Space 28,5ths,Up Down,4ths Fast,Octaves,No Shifts,No Pitch/Swell,Drive 5ths,Drive No Pitch
fm9,328,80s Pop Prog FM9,Brite Rhythm,Mid Rhythm,Edgy Rhythm,OD Lead,OD+8va,Kid Delay,Harmonizer,Clean
fm9,329,Ambience + Solo,EXT1=Pad Hold/Solo Vol.,Crunch,Dirt,No Amp,No Pad,,,
fm9,330,Grim Grinning Ghosts,"Moans, Groans, Wails",Great Ghouls,Lone Ghost,,,,,
fm9,331,Mr.Floyd,Colortone Booster,Rat,Bender Fuzz,Pi Fuzz Ram's Head,,,,(ext1=Wah)
fm9,332,Men In The Box FM9,Ay Oy (LFO1),Wau Manual (Ext 1),OH YEAH!,,,,,
fm9,333,Reverb DynaMix,Clean v1,Clean v2,Dirt v1,Dirt v2,,,,(ADSR = Rev Mix)
fm9,334,Solar Eclipses,2013,2024 (HPF),2079 (Ext1=LPF),Crystals only,,,,
fm9,335,Polychromatic Shifter,Detune 5ths,Detune 8va,Octave Up/Down,5th+9th,,,,
fm9,336,Stacked Delays,Both Delays,Dissolving Tail,1xChorus,2xChorus,Stereo Phaser,FET Verb,Edge of Breakup (Original),(Ext1 = Master Time)
fm9,337,Circular Delay,Classic,No Reverb,No Diffusion,PCMish,Dual Delay Version,Greasy,,
fm9,338,Gnome Man Lands 28,"Eat Your Heart Out, Jack Butler",Classic Gnomes,Get Down Tonight,Gnome + Pixie,Gno Gnomes,,,
fm9,339,Fremen's FM9 Drones,E min,D,C,B,A min,G,F# min,(S1-S7: Autoplay Synth Chords)
fm9,340,Compurhythm FM,Don't Fire Your Drummer,6/8 Feel,"No ""Drums""",,,,"Ext 1 = ""Fill""",Stop/Play to Sync Trem
fm9,341,USS FMX,Boldly (play single note),Go (Play Same for Cadence),,,,,,
fm9,342,Dynafilter FM,Saw Down,Square,Saw Up,Trap,Saw +Plex,Square +Plex,Saw Up +Plex,Trap +Plex
fm9,343,Pitch Follower,Delay & Verb,Wet & Random Wah,Just Verb,Just Delay,Dry,Panning 2290,(Gain & FX increase as you...,...play higher notes!)
fm9,344,Synchrostep Flanger,Mono,Stereo,Sequenced,Slow,,,,
fm9,345,RockMeOn C2 FM,Normal,Chorus,Echo,Dry Wide,Dry Mono,,,Headphones :-)
fm9,346,Aaron Marshall GoT,purple precision [rhythm],a free man [lead],2203 x 1981 [rhythm],memmory commander [clean],microsh[r]if[f]t [rhythm],fuzzy wuzzy [lead],retro grease [lead],pegasus.wav [clean]
fm9,347,Andy Wood GoT,+VP4 FX,Octave Drive,Aurora,Flanger,,,,
fm9,348,AustinBuddy's XTC 28,LowBlue,Low Blue w/Amp Boost,High Blue (w/Flanger),High Blue w/Amp Boost,Low Red,Low Red w/Amp Boost,High Red (w/phaser),High Red w/Amp Boost
fm9,349,Brad Whitford GoT,Main,L Child 3rd,Solo,Liverpool,Liverpool Lead,Ruby,,
fm9,350,Brett's Party Pack 28,Prince Tone,Texas Heat,Dartford Pride,Plex Addict,Mr Blunt,Unleash,Double Royale,Blues Screamer
fm9,351,Brett's Party Pack 2 28,ODS Clean,ODS Dirty,ODS Lush,ODS Solo,Triptik Clean,Triptik Dirty,Triptik Pie,Triptik Solo
fm9,352,Chris Baseford GoT FM9,AC-20 (12AX7 Treble),AC-20 (12AX7 Treble) +,Carol-Ann Tucana (Lead),Carol-Ann Tucana (Lead) +,Marshall JVM (OD2 Green),JVM (OD2 Green) +,Revv Gen (Red 2),Revv Gen (Red 2) +
fm9,353,Chris Traynor GoT FM,Clean,Dirty,Solo,More Than Machines,,,,
fm9,354,Clay Cook ZBB (Strat),Clean,Straight,Drive,<mute>,,,,
fm9,355,Cooper Carter GoT,Sound,...on Sound (Clean Lead),...on Sound (Big Lead),EJ ACL Hold Delay,EJ ACL Clean Intro,"""EJ ACL""",,
fm9,356,Dante F GoT,CLN CHORUS,5150 DIRTY,FAT LEAD,CLN+DRY,THICC RHY,OCT DOWN,LEGACY RHY,AMB CLN
fm9,357,Fluff GoT,BIG RTM,CLEAN,OCTO,LO FI,DIRT,CRUNCH,WHAMMYYY,
fm9,358,Fremen's ODS GOT,Clean,Pushed,Humble,Humbler,Humblerer,Full OD,Klon,Zen Master
fm9,359,FSM GoT,Clean Ambient,Clean,Rock Rhythm,Rock Lead,Lead Cirrocumulus,Classic Rock,Clean Dotted 8ths,Clean Ambient Plex
fm9,360,Gary Cain Live,clean,drive 1,drive 2,drive 3,,,,
fm9,361,Guthrie Govan GoT,MAIN,SYNTH,SOLO,"""CLEAN""",,(Exp 1 = varies per scene),(Exp 2 = global volume),
fm9,362,Hevy Devy,Clean,Breakup,Grit,Grit + FX,Heavy,Epic,Solo,Synth
fm9,363,James Valentine Live,JV CLEAN,DUMBLE,FRIEDMAN,ODS LEAD,MESA LEAD,ANDY CLEAN,AMB CLN,VIBE (PDL2)
fm9,364,Javier Reyes GoT,Rhythm,Slap,Lead,Clean,Open Rhythm,Down Oct,Wet Slap,Crystals
fm9,365,Justin Derrico GoT FM9,CLEAN,SHIVA,SHIVA LEAD,JMP LEAD,WHAMMY,---,---,---
fm9,366,Larry Mitchell GoT,Tweed O Trem,Two tape,Floatation,Marshalls Lead,One Pony,Two Pony,Radio One,Radio Two
fm9,367,Leon's Live FM9 28,CHUNK,LEAD,DELAY,WOBBLE,LOFI,UNDULATOR,GUNK,ROCKGUY CLEAN
fm9,368,Lifeson GoT FX,Chorus Clean,Wet Rhythm,Stereo FX 1,Xana Dude,YYD ..lay,Modern Day Slapback,Syrinx Echo,Hemisflange
fm9,369,Marco Fanton GoT,Lead,Crunch,Clean+,Lead Wha,Rhythm +,Clean Space,Clean Shimmer,Fanton Lead
fm9,370,Mark's Day's Recto 27,Crunch,Rhythm Dirt,Mother Intro,DELAY,SOLO,SPILL,Phase Solo,Clean
fm9,371,Neal Schon GoT,GREEN,ORANGE,RED,REVERSE LEAD,---,---,---,"[pdl1: Wah, pdl2: Wet FX]"
fm9,372,Periphery Jake GoT,Rhythm Loose,Rhythm Med. Tight,Rhythm Very Tight,,,,,
fm9,373,Periphery Mark GoT,Glitch Clean,Comp Clean,Bright Verb Clean,Bright Clean,,,,
fm9,374,Periphery Misha GoT,Misha Mansoor Rhythm Tone,Misha Mansoor Lead Tone,Misha Mansoor Clean Tone,,,,,
fm9,375,Pete-a-Palooza,Pete Plexi,Studio Clean,Blues Solo,Pete CCV Metal,,,,(From Pete Thorn's Preset Pack)
fm9,376,Phil Collen GoT,Photograph Rhythm,Photograph Chorus,Photograph Lead,,,,,
fm9,377,Steve Stevens Rebel FM,Main (Ext 1 = Wah),Solo Wah (Ext 1),Solo Raygun (Ext 1),,,,,(DL Steve's IRs too!)
fm9,378,Tim Pierce GoT,CLEAN,ClnBoost,CleanBoostDarkDelay,SoloDrkDly,ClnW/Chorus,CleanBoostDlyREV,,EuroBlueTP
fm9,379,Tosin Abasi GoT,Clean,Rhythm BE,Lead 2,,,,,
fm9,380,Vai FX GoT,Lead + Dly 1,Lead + Dly 2,Lead + Dly 3 brighter,Lead + Dly 4,Bassman clean 1,Bassman clean 2,Bassman crunch,Ballerina
fm9,381,Electric + Acoustic,Both,Electric,Acoustic,,,,,
fm9,382,Out1:FOH Out2:Cab,,,,,,,Use the GEQ,to tailor Cab sound
fm9,383,BYPASS,,,,,,,,
vp4,0,Virtual Pedalboard,4 Classic FX,"Drive, Delay","Delay, Reverb",No Drive,,,,
vp4,1,70s Pedals,Wah /P1 + Fuzz,Fuzz Echo,Vibe Fuzz Echo,Wah Only /P1,,,,
vp4,2,Vintage EHFX >,Mistress,Stone Bad,Captain Kurt,Mind Guy,,,,
vp4,3,Bossy FX,Yellow OD,Blue Chorus,Purple Flanger,Pink Delay,,,,
vp4,4,Country Living,Comp Channels,Grit Channels,Slap Channels,Verb Channels,,,,
vp4,5,Rotary Scenes >,Slow Mix 100,Fast Mix 100,Fast Mix 50,Speed = /P1,,,,
vp4,6,Mod Squad Pedals >,CE Chorus,Electra Myst,Script 90 Phaser,Harmo Trem,,,,
vp4,7,Mod Squad Racks >,Rack Chorus,Lofty Flange,Symphonic,Mod Delays,,,,
vp4,8,Drive Drive Drive!,King/BB/Klon,TS808/Heart/FET,Zen/Crunch/RCB,E-Love/Tim/Boost,,,,
vp4,9,Drives on Display,Jam/Blues/Klone/Boost,Tim/Tim Up/Klone/Boost,Blues/Full/Klone/Boost,ACB/SuperOD/Klone/Boost,,,,
vp4,10,Distortion Explorer,Compulsion HP/LP,MZone/MCMLXIII,Shred/Griddle,Plus/Ratty,,,,
vp4,11,Fuzz Into Fuzz,Germanium + Silicon,Octave + Octave,Muffy + Bender,Face + Hard,,,,
vp4,12,Chorus Collection,Bossy / Mono Triangle,Tape Chorus /Tape Flanger,Warm Stereo / Tri-Chorus,Analog Mono / 4-Voice Analog,,,,
vp4,13,Flange Factory,Andy's Mistress,Starship Wurm,Barracuding,Hemisflange,,,,
vp4,14,Phaser Plethora,Script 90 / Stripe 90,More Lee / Musitron,Barber Pole Down / Up,Bye Phase / Stereo Disco,,,,
vp4,15,Trem-A-Lo-Los,Harmonic (1/8),Bias Trem (Fast),Opto Trem (Med),Square Chop (1/16),,,,
vp4,16,Blackpanel Dad Rock,Clean,Clean w/ Chorus,Low Gain,High Gain,,,,
vp4,17,Grab and Go,Drive + Wah /P1,Funky Comp,Rhythmic Delay,Lead,,,,
vp4,18,Bari Tony,Baritone B Tuning,Baritone Tremolo,Baritone Tremolo & Reverb,David Lynch,,,,
vp4,19,Synth Octave Fuzz,Fuzzy Octave,Ring Down,Ring Up,Squelch Lofi,,,,
vp4,20,Celestial Verbs,Star Channels,Star Plex,Star Plex Swells,Cloud Channels,,,,
vp4,21,Poly Octave Gens,Poly OG 1,Poly 2 OG 2,Poly OG Lead,Poly Chorus,,,,
vp4,22,Funk U Tron,Tron Funk Comp,+Detune,+Octaves,+BPF 5th Echo,,,,
vp4,23,Vibrato Pedals,VB Med,VB Fast,Chorovibe Med,Chorovibe Fast,,,,
vp4,24,AW Clean,Wet (/P1 = Verb),Delay + Chorus Only,Just Chorus,Just Delay,,,,
vp4,25,AW Tele,Main Room Tone,Add Optical Trem,Very Short Delay Slap,Hall Reverb Only,,,,
vp4,26,AW Lead FX,Delay (/P1 = Mix),Add Rotary,Octave Distortion Lead Tone,Add Flanger,,,,
vp4,27,Spaghetti Western,Trem & Spring,Driven,Rockabilly Slap,Hank's Shadow,,,,
vp4,28,MF Clean,Clean,Delay,Chorus,Clean Ursa,,,,
vp4,29,MF Box o' Crunch,Lead,Lead 2,Crunch,Clean,,,,
vp4,30,MF FAS,Lead,Lead ph,Crunch,Clean Vibe,,,,
vp4,31,ZOSO FX,Nobody's Fuzz But Mine,Whole Lotta Lead,Delayed & Confused,Knebworth's Last Stand,,,,
vp4,32,Austin Stevie,Clean Sustain,TS Grit Dark,Fuzz (Octavia D),Bad Weather,,,,
vp4,33,Austin Johnson,Clean Cho-Delay,Some Grit,Lead Fuzz+Tube Driver,Fuzz + More Delay,,,,
vp4,34,Lowell's Slide,Two 1176s,Analog Sus+ JFET,Phaser,No FET Preamp,,,,
vp4,35,Later Jimi,Wah /P1,Vibe,Fuzz,Fuzz Octave,,,,
vp4,36,May Day,Peaky,Gmaj /Emin Intelligent,Emaj Custom Stereo,Long Stereo Delay,,,,
vp4,37,VitAmIn S,Divine,Horse Wah,Wham Me,Drive Octave,,,,
vp4,38,Zapped,DynamaFlange,DynamaFlange No Echo,S/H Filter (1/16),S/H FIlter No Echo,,,,
vp4,39,You Too Buddy?,SDD +Echo Dot 8th,SDD+ 2 Echoes Stereo,+Shimmer /P1,Hotter SDD + Delay,,,,
vp4,40,Downtune Capo,-1 Tune Down,-2 Downtune,-3 Downtune,Fake Bass,,,,
vp4,41,Zero Flange,Zero FLanger,Tape Cancellation /P1,Slow Stereo,LFO + Pedal,,,,
vp4,42,Megataps,Stereo Terra,Stereo Serpent,Short Gate,Reverse Verb,,,,
vp4,43,Vintage Digital >,12-bit Vintage,8-Bit Vintage,Both,Both +Detune,,,,
vp4,44,Galacticus Verb >,Near Space,Reverb Hold /P1,Extra Shimmer,Add Flanger,,,,
vp4,45,Magneto Echoes,Ambient Mod,Driven Gold,4-Head 16ths,Dub Triplets,,,,
vp4,46,Aurora Australis,Aurora,Aurora Cloud,Smooth,All In,,,,
vp4,47,Custom Harmonies >,Jessica (A),Notes = Pop Chords (Amaj),Notes = Pop Chords (Emix),Crazy E Drone,,,,
vp4,48,80s Comp'd FX >,Dot 8th Wet,8ths Wide,2290 Mono,Flanged Ducked Solo,,,,
vp4,49,Rhythmic Blissing,All In,Stereo Phaser,No Phaser,Different,,,,
vp4,50,Psychadelic '67,All In,Forwards,No Flanger,Backwards Clean,,,,
vp4,51,RockMeOn Clean,DLY+CHO,CHO,DLY,Alt Comp,,,,
vp4,52,Run Like Heck,Album Version,PULSE Edition,Dotted Delay,DG Chorus,,,,
vp4,53,Floyd Leads,Comfy,Ticking Away,$$$,Shine On,,,,
vp4,54,Cooper's Toolbox,Spanky,Tube Drive,Pagey Fuzz,Downtune Channels,,,,
vp4,55,Feedbaq Pedal /P1,Natural Overtones,Natural Maj 3,Triad Overtones,Diatonic Gmaj/Emi,,,,
vp4,56,Against the Machine,Wah /P1,Whammy /P1 Channels,Phaser Channels,Delay Channels,,,,
vp4,57,Cosmic Voyage,Leaving the System,Heliopause,Proxima Centauri,Andromeda,,,,
vp4,58,The Beauty Way,The Now,The Beauty,The Way,The Future,,,,
vp4,59,Tapes & Springs,8th,Dot 8th Worn,Dual Wet,Slap Wetter,,,,
vp4,60,MF FX Post,Reverb,Dly+Rev,Dly+Rev+Chr,Space,,,,
vp4,61,AW Stripes Post,"""Ain't Talking 'bout...""","""Erupt"" Lead w/phaser",Rhythm w/Phaser,Sunny Plate Verb Only,,,,
vp4,62,Hair Metal Post,Clean Mod FX,Rhythm Detune Delay,Lead FX,Lead Harmony Emi,,,,
vp4,63,Rack Gods Post,1210 Chorus,Dual Detune,2290 Delay,Combo FX,,,,
vp4,64,Lerxst FX Post,Dimension Echo Verb,Spirit FLange,Hemisflange,Limelight Echo,,,,
vp4,65,JP Loop FX Post,Wide Crunch,Chorus 1928,The Spirits Leads On,Leads in the Sand,,,,
vp4,66,LT FX Post,LT Lead,Wide,Dual 42's,Circular,,,,
vp4,67,Mark Day Post,Rhythm,Wet Solo,Spill 1,Spill 2,,,,
vp4,68,Neal's Post FX,All in (DLY+REV Lvl /P1),Chorus,Pitch,No Mod FX,,,,
vp4,69,Double Plex Post,Occult Verb,With Delay,With Delay+Detune,Androids Dream,,,,
vp4,70,Stereo Delays Post,Dot 8th Wide,3000 Dual,2290 R. Phase Inv,Soaring Circular,,,,
vp4,71,Parallel FX Loop Template,Delay,Delay + Verb,Chorus,Pitch,,,,
vp4,72,Basses Loaded,Comp Channels,BlackGlassAB/Fuzz CD,Funk Filter Channels,Octave/Pitch Channels,,,,
vp4,73,Bass'd On,All In,Pick Me,Chorus Channels,Boost + EQ Channels,,,,
vp4,74,Bass-X,Fuzz Filter,Fuzz Filter Octave,Fuzz Filter Octave Echo,Grindy Detune,,,,
vp4,75,Acoustic Toolkit,4 EQ Channels,Comp A>D More,Cho A>D More,Verb A>D More,,,,
vp4,76,VP4 | 4CM,Drv | Cho Dly Vrb,Drive | Delay,| Dly Vrb,No Drive,,,,
vp4,77,Mod Squad 4CM,Flange | Delay,Phase | Chorus,No Phaser,| Chorus Delay,,,,
vp4,78,Gift of Djent 4CM,Tight Gate,Drive Gate,Chorus Lead,Lo Fi,,,,
vp4,79,4CM Parallel Loop,Echo Verb,Roto Echo,Detune,Detune Echo Verb,,,,
vp4,80,,,,,,,,,
vp4,81,,,,,,,,,
vp4,82,,,,,,,,,
vp4,83,,,,,,,,,
vp4,84,,,,,,,,,
vp4,85,,,,,,,,,
vp4,86,,,,,,,,,
vp4,87,,,,,,,,,
vp4,88,,,,,,,,,
vp4,89,,,,,,,,,
vp4,90,,,,,,,,,
vp4,91,,,,,,,,,
vp4,92,,,,,,,,,
vp4,93,,,,,,,,,
vp4,94,,,,,,,,,
vp4,95,,,,,,,,,
vp4,96,,,,,,,,,
vp4,97,,,,,,,,,
vp4,98,,,,,,,,,
vp4,99,,,,,,,,,
vp4,100,,,,,,,,,
vp4,101,,,,,,,,,
vp4,102,,,,,,,,,
vp4,103,,,,,,,,,
